age,gender,location,purchase_frequency,average_order_value,days_since_last_purchase,customer_service_interactions,website_engagement,total_spend,subscription_status,subscription_length,payment_method,churn
56,Male,Urban,5,298.00412257986665,72,4,6.285021702362039,1015.9145497126351,Canceled,9,Other,1
69,Male,Suburban,5,60.96384151247592,155,8,2.1515562162405555,1099.3220930083485,Active,18,Other,1
46,Male,Urban,6,40.64333689613095,190,1,6.274678987660728,2070.211814710364,Active,2,Other,1
32,Female,Suburban,8,340.09599706444243,268,1,9.236648375496527,9998.507520415362,Active,3,PayPal,1
60,Male,Urban,6,415.1885263139446,321,8,9.97518131172675,121.62301428676284,Canceled,10,Credit Card,0
25,Male,Rural,1,395.36736076782427,107,2,0.32451076790675715,6422.859097592012,Canceled,14,Credit Card,1
38,Male,Suburban,8,281.02674937579394,232,7,2.355882282446775,1498.3126104629177,Active,0,Other,0
56,Female,Rural,8,67.93607414536552,42,8,3.1030711579169745,9214.21855343668,Active,8,Other,1
36,Female,Suburban,9,350.26133304128666,190,7,3.991261004449661,1026.9656440029294,Canceled,10,Credit Card,0
40,Male,Rural,9,136.10666410599006,139,3,2.422571575847674,9555.125552549742,Active,18,PayPal,1
28,Male,Urban,2,457.3129773283441,103,0,2.0348799455531252,6148.171236086431,Active,12,Other,0
28,Male,Urban,2,422.36737258193835,171,3,9.545538424175,112.55396146335343,Active,15,PayPal,0
41,Male,Urban,3,360.5038242019476,351,8,9.185216027705179,8950.67125937638,Canceled,3,Credit Card,0
53,Female,Suburban,1,475.4460587989426,273,1,0.4699250100311747,5264.946833532491,Active,0,Credit Card,0
57,Female,Rural,4,35.082474325411006,221,2,3.3881302160484816,2700.430379771797,Active,19,Other,1
41,Female,Urban,4,373.37620402916576,213,9,4.0514855367840665,7696.063857404738,Active,12,PayPal,1
20,Female,Rural,9,178.51653408147456,341,7,2.3901453466594336,9273.988983480012,Active,0,Other,0
39,Male,Rural,9,454.91162512945533,56,5,6.288728969881755,4888.53914915326,Canceled,4,Credit Card,0
19,Male,Urban,9,148.00409439774924,342,7,6.4038074664424105,3223.979396986798,Canceled,4,PayPal,1
41,Male,Urban,7,367.9311196712082,102,6,8.50504228328597,7910.556726955775,Canceled,13,Other,1
61,Female,Rural,2,441.27056943237505,192,4,7.408692683852179,6849.676428105701,Active,22,Other,1
47,Male,Urban,5,39.995272823687564,310,8,5.425733269659556,8898.649589127697,Canceled,13,Other,1
55,Female,Urban,4,210.87083820417735,200,3,6.535867700444199,6955.88872633581,Active,7,Credit Card,1
19,Female,Urban,8,385.90833537053055,233,5,2.7398878154301807,2510.9305551054094,Canceled,3,Other,0
38,Male,Suburban,2,238.3610669636418,227,1,5.9305618996735765,9323.426572614288,Active,6,PayPal,1
50,Male,Rural,6,148.28126230092576,139,1,4.892272547499193,1137.873897339314,Canceled,19,Other,0
29,Male,Rural,5,125.50656743513122,344,1,1.333444673163704,2752.6332260577938,Canceled,18,Credit Card,1
39,Female,Suburban,2,83.1287681198614,305,9,2.4254427658297075,5249.926616466468,Canceled,14,Other,1
61,Male,Rural,1,431.42218873101547,149,6,2.9169345072158603,5700.8460581019235,Active,21,Credit Card,0
42,Female,Urban,8,296.17059356074685,115,1,9.24309567052558,251.57480760636378,Active,3,Credit Card,0
66,Male,Rural,2,56.66477359589887,63,1,2.303866393858894,7827.669985627305,Active,18,PayPal,0
44,Female,Urban,7,203.63855531390502,104,8,2.892439028196682,3679.9124524113563,Canceled,8,PayPal,0
59,Female,Suburban,9,196.51215238645275,339,6,3.693541300894323,4123.543555921164,Active,20,Other,0
45,Male,Urban,9,107.23481154054224,359,2,6.63742738625387,8112.758489925763,Active,12,Credit Card,1
33,Female,Rural,8,229.04366022665153,156,2,1.1823839247214052,3854.905578102691,Active,13,Credit Card,0
32,Female,Rural,9,179.4076953887055,273,6,9.53945212493776,567.5262772980727,Active,22,PayPal,0
64,Male,Rural,2,184.06577863624761,6,4,8.655712200947645,1846.753727656468,Active,13,PayPal,1
68,Female,Suburban,6,374.73274773822016,147,9,5.772160730089501,9563.441406643005,Active,21,Other,1
61,Male,Suburban,4,127.16642504249423,184,5,6.740378674249568,797.0130877848902,Canceled,9,Credit Card,0
69,Female,Rural,4,328.09278025057057,28,7,0.1666047124421599,3613.8188895833605,Canceled,15,PayPal,1
20,Male,Urban,5,293.9118194628487,38,8,3.389447753484487,5081.473753808311,Active,4,Other,0
54,Male,Suburban,3,292.6844059221763,119,0,7.956602306614419,4983.480190651744,Canceled,22,Credit Card,0
68,Female,Rural,1,338.24352614805247,293,2,0.7748297379238589,139.20343582021326,Canceled,5,Credit Card,0
24,Female,Rural,8,283.2233773739139,244,6,2.8231383421072023,5061.511041429155,Active,1,PayPal,0
38,Female,Suburban,5,442.0424551262646,68,5,5.852968283343113,3899.3473339763514,Active,12,Other,0
26,Female,Suburban,3,344.27844413612473,214,6,2.564130276989418,9723.585421198115,Canceled,12,PayPal,1
56,Female,Suburban,7,282.5423606582663,218,7,9.339779741445192,1675.6749315389154,Active,18,Other,1
35,Male,Urban,7,418.28629773806955,177,5,1.3105863080429037,3606.1265479190006,Canceled,17,Credit Card,0
21,Female,Urban,1,310.95035116807026,299,2,7.973943579077786,4252.866702389216,Canceled,18,Other,0
42,Male,Rural,9,159.74923893688592,164,1,5.079486919064083,3967.8660172993928,Canceled,0,Other,0
31,Male,Suburban,2,119.40556072475418,58,6,7.5033077581995595,6691.725193753439,Active,7,Other,1
67,Female,Urban,5,93.11733711808583,269,0,3.1071532831144744,2233.5772897229112,Canceled,21,Other,1
26,Male,Suburban,5,451.7385020221288,308,2,5.1448960231203875,2288.608372858519,Active,15,Other,0
43,Male,Rural,8,360.8650072630716,58,3,8.568353497231763,7319.188390158446,Active,1,PayPal,0
19,Male,Urban,8,469.94165031887394,288,0,4.668780991231044,5052.876134913979,Active,7,Other,0
37,Male,Urban,7,309.58006674317267,105,4,3.597198619102696,4210.041192967373,Active,5,Other,0
45,Female,Urban,7,247.23242311755803,228,9,5.36155386252736,1775.1102116047928,Active,15,Credit Card,0
64,Male,Rural,6,48.66391470602687,247,2,7.173627530363669,1956.5195068304495,Canceled,22,Other,0
24,Female,Suburban,6,342.3882951420943,188,1,4.435633454985028,204.46120447741538,Active,10,Credit Card,0
61,Female,Urban,9,299.46020468875093,83,2,9.38876975142273,1005.1200617309214,Active,16,PayPal,0
25,Male,Rural,6,495.3002689220583,186,7,2.9494582404234206,5612.703077433386,Active,22,PayPal,0
64,Female,Suburban,2,134.79621333547666,252,5,4.754636061691205,8929.543987083258,Active,18,Other,0
52,Female,Rural,2,274.7539305376812,355,6,7.569276593414415,2942.9311747925185,Active,10,PayPal,1
31,Female,Suburban,5,332.4595208566749,238,5,6.891210904957582,3344.697536371669,Canceled,7,Other,1
34,Male,Rural,4,329.40376387632494,360,5,8.636410524171561,1244.4955450539708,Active,21,PayPal,1
53,Female,Suburban,2,289.42090061523334,184,2,9.968091806811088,3947.4463615103173,Active,3,Other,1
67,Female,Urban,3,392.92544495706824,284,7,4.268583287950896,468.4948752363587,Canceled,10,Other,0
57,Female,Suburban,7,118.39098057287188,210,6,1.1115087978331184,9184.246892992813,Active,7,Credit Card,0
21,Male,Rural,8,368.30105613171963,304,6,0.30415880807967977,6763.8023464328335,Canceled,8,Credit Card,1
19,Female,Rural,6,317.4725942878828,296,5,7.268769061397716,9908.413212992868,Canceled,1,Credit Card,0
23,Male,Suburban,5,450.1160536613952,97,4,8.740136713087157,8839.949310517088,Canceled,15,Credit Card,0
59,Male,Urban,1,426.65333073611924,208,9,2.2071258594441865,4782.606877611712,Canceled,5,Other,0
21,Male,Urban,8,171.27057878362558,137,7,1.5844803718990597,5244.881808388731,Active,20,PayPal,0
46,Male,Suburban,3,152.5939159880735,184,4,0.6220509152569098,1986.702860520219,Active,20,Other,0
35,Male,Suburban,6,491.19359544917495,76,8,8.227029217172063,4674.189494111601,Canceled,18,Credit Card,0
43,Male,Rural,3,273.08728683932316,287,8,3.1138193989258434,9039.975947578836,Canceled,7,Credit Card,1
61,Female,Urban,7,455.0820626789297,142,0,4.016968927597765,603.4488939946291,Active,13,PayPal,0
51,Male,Suburban,7,98.66289141463145,237,5,5.027501916096123,8649.212349683266,Canceled,23,Credit Card,1
27,Female,Urban,9,328.5530791040837,25,6,8.394532342095507,3475.3832362618364,Canceled,15,Other,0
53,Female,Suburban,5,408.73288993308137,290,2,6.50833221561485,9005.176374453467,Canceled,11,Other,1
31,Male,Suburban,8,474.7497198014945,67,6,6.150646298578113,9414.711072780698,Active,4,Other,0
48,Female,Urban,8,181.92326768817128,250,6,1.756720999559107,6741.562381318869,Canceled,23,Other,0
65,Female,Suburban,1,367.99096156354517,118,1,5.131898917098297,6677.795487267511,Active,23,Other,0
32,Female,Suburban,5,278.63024433901717,73,6,7.153810171786552,4582.267943316527,Active,18,PayPal,0
25,Female,Rural,3,49.10188451190473,282,0,9.732608830304917,8371.848222982704,Active,17,Other,0
31,Male,Suburban,1,351.19987390829283,360,4,2.0140630921335223,9619.966308489504,Canceled,8,Credit Card,0
40,Female,Suburban,4,351.24634795416483,10,8,0.09543353067226645,7773.30982335728,Canceled,1,Credit Card,0
57,Male,Suburban,8,466.69126632633777,211,6,0.7530143359846975,6257.173664191421,Active,19,Credit Card,0
38,Female,Rural,3,258.70997416110674,323,6,3.7585246518197923,6107.249668631234,Active,11,Credit Card,1
33,Female,Urban,2,130.52044194104704,152,1,8.205446477459871,8509.752025678257,Active,1,PayPal,1
62,Male,Rural,9,41.39063525536599,5,7,0.07142081768245045,5457.917281135854,Canceled,9,Credit Card,0
35,Female,Rural,5,219.50824960923472,195,2,4.567305928858403,8058.212873863345,Canceled,0,PayPal,0
64,Female,Urban,7,164.92001603720087,283,7,3.2923061534139455,5137.964026225033,Active,3,Credit Card,1
41,Female,Rural,2,385.32238689146027,113,2,0.5248171009972757,718.1983222418489,Active,11,PayPal,0
43,Male,Urban,9,190.04852712370237,271,9,4.502362866726173,3901.075388151137,Canceled,8,PayPal,0
42,Female,Rural,9,475.5541742311251,163,6,2.547487073367188,4499.965480947837,Active,3,PayPal,0
62,Male,Urban,4,481.90889743413646,105,1,3.5188483434700646,1502.0107253675103,Canceled,8,Credit Card,0
58,Female,Suburban,4,318.0361233044999,181,3,7.05615304784293,1114.7136589732067,Canceled,5,PayPal,0
46,Male,Rural,6,465.75693776714377,44,5,5.2155098391096715,5401.103001603846,Active,0,Other,0
32,Male,Rural,6,385.2100853669579,282,8,1.2464742899281334,942.9220019052133,Active,9,Other,0
62,Female,Rural,1,282.49262766806055,175,4,9.61414540423639,3099.1571621118314,Canceled,13,Credit Card,0
18,Female,Rural,9,106.54780900293349,162,8,6.3591076570973835,7471.510062034452,Canceled,21,Other,1
42,Male,Suburban,2,240.1270128866432,351,4,7.658684256625316,9647.87857772301,Canceled,17,Other,0
24,Male,Rural,5,289.21974241405644,340,9,0.7921315000837081,7206.918747464092,Canceled,5,Other,0
26,Female,Suburban,9,434.7015587528049,140,7,0.47058379460018895,9926.992929683414,Canceled,17,Credit Card,0
41,Male,Suburban,4,251.04002073711914,132,0,0.1944805036808117,7013.545915666086,Active,19,Credit Card,0
18,Female,Suburban,3,450.8838428854192,87,6,1.8879402777344445,3008.5652594778426,Canceled,15,Other,0
61,Female,Suburban,7,343.6875099312651,176,3,4.144083977184952,6753.320151003083,Canceled,14,Credit Card,0
25,Female,Urban,6,85.75955026576226,183,4,9.358261334028228,7051.351975449348,Canceled,15,PayPal,0
41,Female,Urban,8,497.59105727604464,129,5,4.570596592657763,3780.09714770296,Active,7,Other,0
28,Male,Rural,3,273.07167716187803,246,4,2.9025510537252943,275.3671210329512,Active,12,Credit Card,0
68,Female,Urban,5,208.09198227635787,89,0,5.619352535196633,7061.6778692773205,Canceled,22,Credit Card,0
34,Male,Urban,4,336.3746069453727,66,8,1.1193457813478924,314.830943227862,Canceled,10,Other,1
25,Female,Rural,4,72.26879071089876,158,1,6.095058910049832,6348.761972794705,Active,6,Credit Card,0
52,Male,Rural,4,325.5385504416101,149,8,5.684319543305033,1719.8032385512952,Active,16,Other,0
52,Female,Rural,8,259.15328023965105,340,9,7.9199303340570975,5699.474924705629,Active,17,Credit Card,0
50,Male,Urban,6,215.2035535993199,116,1,9.866876116170241,5088.73895126794,Active,21,PayPal,0
22,Male,Urban,3,477.4496101658716,214,8,2.508734717161105,233.78505883120746,Canceled,22,Other,1
59,Female,Rural,5,270.81906403138555,294,5,5.0965645080376065,3692.3715882515244,Active,18,PayPal,0
56,Female,Suburban,6,125.17639014557045,253,8,9.088654063190036,6050.802557223397,Canceled,12,Other,0
58,Female,Rural,5,240.30247010110335,143,5,7.851898844228414,8501.204863797919,Canceled,14,Credit Card,0
45,Female,Suburban,6,461.3059541948829,250,5,4.874063031008076,8897.55692698152,Active,22,PayPal,0
24,Male,Suburban,8,104.52582623868544,302,1,9.453716496147779,4890.114703328911,Active,21,Credit Card,0
26,Female,Rural,7,122.69937857035372,25,7,0.5723669351680938,7311.382624264437,Active,21,Other,0
25,Male,Rural,5,26.2541925234002,277,2,9.30998619712584,3232.900307681231,Active,0,Other,0
29,Male,Rural,6,26.811223709968246,70,6,0.5050739238280655,3487.6454170107086,Canceled,15,Other,1
51,Female,Urban,4,418.107980940086,113,4,5.473047441146843,2025.1888399049062,Canceled,4,Other,0
50,Male,Suburban,9,371.41885128461877,363,2,8.904409480010857,5663.286288933069,Canceled,2,Other,0
65,Male,Urban,4,190.41970709693996,112,0,2.627209435613028,3214.1850941809157,Active,22,PayPal,1
40,Male,Urban,1,355.1893554692349,364,7,4.722484989451585,935.2718747411999,Canceled,9,Other,1
41,Male,Rural,7,209.6988446287857,303,2,3.2432887913696664,6881.56025796547,Active,18,Credit Card,0
54,Female,Urban,7,477.3904620789572,91,1,9.521439170763514,7106.7567552934415,Canceled,4,PayPal,0
52,Female,Rural,4,484.18528708449674,18,0,8.236455947530908,3663.9249459126727,Active,6,Credit Card,1
61,Female,Suburban,3,208.54101238848483,149,3,7.090015113263796,859.5616546146257,Canceled,13,Other,0
57,Female,Rural,8,430.02651504361666,227,7,5.8762698661510875,4320.347402293916,Canceled,2,Credit Card,0
39,Male,Urban,5,391.0827400147838,214,2,8.20591789324148,4479.121034697133,Active,12,PayPal,1
44,Male,Urban,7,168.79996984245886,360,0,3.922670415235471,6719.84176048914,Canceled,12,PayPal,0
52,Female,Rural,4,131.37911787253086,151,3,4.475518551060619,3222.6222734609664,Canceled,9,PayPal,0
18,Female,Rural,4,239.95263218856024,192,8,7.3000172108086145,6857.732869834924,Active,1,Credit Card,0
52,Female,Urban,8,395.047443494915,40,0,3.5775476329371427,8727.736563398144,Active,5,PayPal,0
54,Male,Suburban,8,480.8805366697978,242,1,0.6390094204837382,2451.1118193857783,Active,7,Credit Card,1
64,Female,Suburban,2,386.5179530559548,138,8,0.7433460888607146,9791.303605587007,Active,3,Other,0
31,Female,Rural,2,430.4993528088176,345,1,1.1536280130570387,3925.044557654389,Active,11,Other,1
20,Female,Suburban,3,309.47086696184795,180,2,8.696813233436627,2745.8609829559114,Canceled,14,Credit Card,0
18,Male,Urban,3,420.99575880422043,200,6,4.722264257562044,4272.960706851876,Active,7,PayPal,0
22,Male,Rural,1,396.52201184164045,203,2,7.128823693447365,1034.5350114482058,Canceled,6,Credit Card,0
43,Male,Urban,3,200.95306012461444,61,8,3.9290933560489325,1344.488474469945,Canceled,13,Credit Card,1
31,Male,Urban,6,284.9553450179461,192,5,2.587109474156345,4202.897064986481,Active,22,Credit Card,1
56,Male,Suburban,8,406.28149855505353,5,2,3.471921675622119,7648.2007671970905,Canceled,18,Other,0
44,Male,Rural,6,42.107232411179055,237,8,7.9418234531718355,9013.09117178746,Canceled,13,Credit Card,0
26,Male,Rural,5,407.87805553079835,181,0,6.252161250314382,6681.698108091082,Active,21,Other,0
32,Male,Suburban,4,105.38629954353125,311,9,9.37639779957902,1141.6735968578803,Canceled,12,Credit Card,1
32,Female,Urban,3,267.04813621829067,37,2,6.79704778576834,6752.995645587297,Active,20,Other,0
43,Female,Urban,4,407.97221098685003,56,0,5.701816317546939,6390.736414959422,Active,0,Credit Card,0
59,Male,Urban,7,141.83411751521353,237,1,6.101960089858345,8077.062791103979,Active,18,Credit Card,0
30,Male,Urban,1,137.98757086695343,358,7,9.423714394684147,8269.961799856592,Canceled,0,PayPal,0
68,Female,Rural,7,213.3269112618809,349,6,7.882009298667061,8695.210450211891,Canceled,3,PayPal,0
49,Male,Rural,1,449.42854283726456,197,1,0.24041237366437818,4199.901994333074,Canceled,9,Credit Card,0
56,Male,Suburban,2,20.212535089859784,73,1,5.341396961356972,7008.857513986229,Canceled,2,Credit Card,1
66,Male,Suburban,4,452.6638863881288,59,8,6.883384115465648,2755.6785533308766,Active,19,Credit Card,0
69,Female,Rural,1,93.82737182797173,240,5,7.4869847843915505,9993.429171836693,Canceled,8,Credit Card,0
49,Female,Rural,9,495.24146051239137,2,4,2.1314211931393667,1835.8089896309134,Active,2,PayPal,0
21,Female,Urban,6,478.3265566584647,360,9,8.671773544513522,200.1328734422745,Canceled,5,Other,0
47,Female,Urban,1,257.44409100381597,188,5,9.558431471751637,1573.2062737299425,Canceled,5,Credit Card,1
54,Female,Suburban,1,266.1057189500615,307,8,2.3671530584486975,7781.1356664868545,Canceled,22,PayPal,0
40,Male,Rural,6,251.14368333241006,30,6,8.826154575172458,4523.158397431293,Canceled,11,Credit Card,0
56,Female,Suburban,4,325.01294991657085,267,9,0.9697876251609538,4530.25245332324,Canceled,22,Credit Card,0
62,Male,Rural,4,63.5464170727669,108,9,0.5570683611524518,9554.72690415552,Active,0,Other,0
32,Male,Urban,6,35.65661520395192,332,8,1.2922380010274936,9204.385589477935,Canceled,15,Credit Card,0
60,Female,Suburban,7,47.697405639631455,90,3,0.5774107946703599,3180.827904259691,Canceled,23,Credit Card,0
46,Female,Suburban,9,233.2953676359269,205,1,8.45012237155776,2169.675474930575,Canceled,4,Other,0
53,Male,Rural,5,152.26301082535204,220,7,0.5905014445827195,8499.973878344023,Canceled,8,Other,1
30,Male,Urban,9,318.57898993807703,94,3,2.716641913636555,9069.588803339195,Active,9,Other,0
49,Male,Suburban,4,496.3722988998939,103,8,1.0375634353585639,5461.809535705021,Canceled,12,Other,0
24,Female,Urban,2,205.43512307670363,223,3,2.9542203631376496,6331.294740059295,Active,14,PayPal,1
68,Female,Suburban,3,295.4438019701664,186,7,0.9055946760092048,2643.4514184537043,Canceled,11,PayPal,0
39,Female,Urban,1,219.48987003552102,184,8,6.68003250743014,8027.946610987394,Active,4,PayPal,0
45,Female,Rural,6,426.6904005064925,162,8,1.3332681634257515,6358.012041645329,Active,4,Credit Card,0
19,Female,Suburban,6,453.0734736618743,247,9,8.518459258388878,5084.783761850166,Active,17,Other,0
59,Male,Suburban,1,441.1306938585248,31,3,8.17191050726641,695.0747051761186,Active,11,Other,0
62,Female,Urban,3,487.6986745660436,52,0,0.1366168547060942,9167.756128860421,Active,2,PayPal,0
23,Male,Urban,5,33.20920886739934,345,2,8.957263555151146,6192.96906180562,Canceled,6,Credit Card,1
45,Male,Suburban,3,423.11175782985487,76,8,0.2894431674336706,2007.641837460383,Active,16,Credit Card,0
45,Male,Rural,3,380.8506430587648,278,3,2.396457849575566,6103.222558132223,Canceled,18,Credit Card,0
61,Female,Urban,3,129.7733165121751,40,4,0.3238913777599506,6806.887206975736,Active,17,PayPal,0
61,Female,Urban,5,479.03364482601324,101,6,3.35843487039316,5305.126333163932,Active,0,Credit Card,0
37,Female,Urban,5,91.12540555037383,111,4,5.1386652571327165,7209.207205764623,Canceled,23,Credit Card,0
47,Male,Suburban,4,346.183965024276,321,3,7.966448690151381,5856.39408449338,Active,4,Credit Card,0
28,Male,Suburban,1,127.94730407163799,249,1,3.379815504698361,9482.918862118267,Active,1,Other,0
45,Male,Suburban,5,227.06271141155585,191,1,7.054900246731167,631.6010781331377,Active,0,PayPal,1
42,Male,Suburban,5,365.1967505333931,182,3,1.8750445711898034,1151.832513848649,Active,6,Other,0
56,Male,Rural,4,290.3958281758624,335,9,7.5059845674412635,1819.3492058479644,Canceled,10,Other,1
50,Male,Rural,6,225.20087903749362,209,9,2.3599660590923754,6932.693598982888,Active,10,PayPal,1
18,Female,Suburban,4,176.64244684735388,22,8,1.4354475594376792,6491.399140223106,Active,17,Other,0
44,Female,Rural,7,423.03663474021937,166,7,1.854088503740543,8931.382716075972,Canceled,16,Credit Card,1
69,Female,Urban,7,89.03088815111059,99,2,1.8206312888185539,7355.486783550594,Canceled,1,Credit Card,1
30,Female,Urban,2,226.44938073430404,208,8,5.128628793769911,5132.719326889463,Active,6,Credit Card,0
58,Male,Urban,3,453.80363445206825,8,4,8.447975811881461,9919.13474538994,Active,6,Credit Card,1
20,Male,Suburban,1,426.0077842207845,190,2,0.7960507699250563,2734.468766076062,Canceled,9,PayPal,0
56,Female,Urban,8,212.4520459870624,175,4,7.069563184934227,8348.597431875995,Active,21,Other,0
23,Male,Rural,9,386.292014528628,273,9,6.543464596528576,4325.224684719801,Canceled,20,Other,1
25,Female,Suburban,4,415.11719874025243,17,3,8.725199518293623,6522.477874869768,Active,2,Credit Card,0
44,Female,Rural,6,446.6659635217423,90,7,2.4414756050690722,7299.957857479097,Canceled,11,Credit Card,0
26,Female,Urban,9,281.3627691436294,141,4,4.501098586850296,6374.165463184329,Canceled,2,Other,0
54,Male,Urban,6,118.14122530626166,145,9,9.258273744435174,1491.0223007750735,Canceled,10,PayPal,1
50,Female,Urban,9,142.5483567218872,166,7,6.599934501353172,4485.2150064045345,Active,11,Other,1
68,Female,Suburban,4,161.93344353997003,337,8,3.887684128615969,5658.239941537931,Active,3,Credit Card,0
59,Female,Rural,8,305.0251907886154,78,3,1.3141238285526846,8505.533215868109,Active,15,Credit Card,1
61,Male,Suburban,9,35.74861958173205,262,6,2.6248500790059106,4492.092913105866,Active,19,PayPal,0
41,Male,Suburban,4,325.3003850143848,163,1,5.812154774893833,9195.59831756209,Canceled,17,Other,0
32,Female,Urban,5,194.89003444555135,14,5,7.181679475605137,4459.704807949585,Canceled,3,PayPal,0
49,Male,Suburban,8,161.71606519502825,239,7,1.2442188685189348,5532.920606703815,Canceled,21,PayPal,1
49,Male,Suburban,6,442.1583539495007,72,6,5.99597260044054,7983.22826113373,Active,5,Credit Card,0
41,Male,Urban,7,240.8011498787835,143,6,5.503512788387511,5872.370075779222,Active,20,Other,0
58,Male,Suburban,3,65.62546185569254,310,7,5.1395544669070805,9606.158916589964,Active,14,Credit Card,1
69,Male,Urban,7,416.8384486525986,283,6,6.90123117682008,6637.324722089863,Canceled,0,Other,1
66,Male,Urban,8,42.86780356952317,269,4,8.374495950834618,5274.82359526925,Active,2,Credit Card,0
66,Male,Urban,6,368.8396276007344,241,6,3.229896831768684,333.56048102987904,Active,4,Credit Card,0
69,Male,Urban,9,391.47498644991924,245,9,8.890121901109595,4195.955686045265,Canceled,21,Other,1
29,Male,Suburban,6,189.24925084585192,163,2,1.606336126185507,3062.559350675588,Canceled,16,Other,1
56,Male,Urban,9,415.8981710133376,60,4,1.7302386975116435,7506.2461120861435,Active,13,Credit Card,0
19,Female,Urban,4,267.51651481109764,6,6,2.667720636239239,2161.948984020103,Canceled,8,Other,1
20,Female,Suburban,8,242.38095357094247,197,8,1.1953086954707781,2131.678864211311,Active,2,Credit Card,1
66,Male,Suburban,4,41.79357510497242,58,1,2.3031922468287758,1976.2385280500303,Canceled,12,Other,1
54,Female,Rural,2,159.21401295147484,305,3,1.064117629028446,1343.5945702467357,Canceled,2,Credit Card,1
66,Female,Suburban,9,466.8847860249439,217,6,8.217524169853904,3178.9693363417855,Canceled,10,Credit Card,0
34,Male,Suburban,5,208.07550237608,26,0,1.389689918866246,8870.628932989908,Active,1,Credit Card,0
66,Male,Rural,4,282.4162498672488,303,1,7.472975575598568,7771.791875828954,Active,23,PayPal,0
19,Male,Suburban,2,275.37040591244084,5,8,0.4791386791333374,7378.987041437255,Active,14,Other,0
19,Female,Suburban,1,303.4069231148928,20,9,9.48520327513915,7993.634375934631,Canceled,12,Credit Card,1
45,Female,Suburban,7,49.438858708775655,198,6,7.111600875277661,2767.2371043627595,Canceled,18,PayPal,1
40,Male,Suburban,6,193.84460230338956,59,9,0.06796548586111784,8885.67273844963,Canceled,21,Credit Card,0
54,Male,Rural,2,367.101571463626,242,6,7.6385650020021405,1459.3034139018835,Canceled,15,PayPal,0
49,Male,Suburban,8,116.2689205150318,146,5,5.140819207661853,3429.8226944842613,Active,17,Credit Card,0
50,Female,Suburban,4,117.717621222253,273,2,7.793651703351197,5908.806377776695,Active,6,Credit Card,0
18,Female,Rural,8,24.84349121073187,249,9,5.224968088905885,1118.7603745858062,Active,12,PayPal,0
36,Female,Urban,7,229.99132477194067,14,2,6.410248576353546,7328.288858986607,Canceled,3,PayPal,0
19,Female,Rural,5,443.71250272324255,13,1,7.863316553950405,3933.735877214402,Canceled,8,Other,0
61,Male,Urban,8,44.912452921908326,44,5,4.051080545878567,7865.616089523161,Active,9,Other,0
43,Male,Rural,9,111.73698055808126,19,3,0.027081498204520882,4979.673227287567,Canceled,8,PayPal,0
49,Male,Rural,5,168.84057840452243,63,4,8.499464959451885,1890.6577918108298,Active,6,Other,1
23,Male,Suburban,5,371.2278735508222,239,2,3.808903626246626,7374.141932417909,Canceled,14,PayPal,0
49,Female,Urban,2,327.5050845452415,337,5,4.96042726016583,2596.225162805541,Canceled,7,Other,0
21,Female,Suburban,5,219.65307419929042,100,2,0.07766642153968717,4959.021982553624,Active,18,Credit Card,0
28,Male,Urban,3,384.35309084402036,163,7,4.92092010350098,847.7793646533854,Active,10,Other,0
34,Male,Rural,7,312.62288559531294,122,8,9.864874015717294,6216.879878679163,Canceled,4,Credit Card,1
55,Female,Rural,5,450.0995838354651,44,3,2.782676608187696,6691.991885541144,Active,1,Credit Card,0
41,Male,Urban,8,412.65283958657267,360,8,3.954182702423781,3848.874678730557,Active,9,Other,1
22,Female,Suburban,1,141.35053092281626,317,6,6.871899964686766,9548.785525178631,Canceled,15,PayPal,0
69,Male,Suburban,3,150.2905172644161,145,2,8.147936675236586,8754.272322672477,Canceled,22,Credit Card,0
51,Male,Suburban,3,80.1711083803451,327,6,4.173916240061003,7108.615065825948,Canceled,12,Credit Card,0
23,Male,Suburban,9,181.7430683443791,363,0,3.0966887040129256,7165.155537488053,Active,7,Other,1
39,Male,Rural,5,499.78108098516526,50,2,9.378257999850671,2598.776977927297,Canceled,8,PayPal,0
28,Male,Rural,9,214.76056093522928,65,5,6.771449666716692,6602.470787775645,Canceled,10,PayPal,1
65,Male,Rural,9,125.83444865077107,355,3,1.1902130449314108,2062.2420258316442,Canceled,10,Other,0
33,Male,Rural,1,385.99178454826546,288,6,0.6892787813464862,1525.631916806239,Canceled,22,PayPal,0
50,Female,Rural,2,280.3860816620749,164,2,4.83549850790369,9994.732152605544,Canceled,15,Other,1
26,Female,Suburban,5,91.80869577293721,141,0,2.2009006604727244,6261.521721584424,Active,9,Other,1
23,Female,Suburban,4,202.73104695721557,314,8,2.5398475337625346,4366.779939306186,Canceled,23,Other,0
33,Female,Suburban,9,218.94546345888477,128,5,8.776921788278482,2952.828776551118,Canceled,11,Credit Card,0
46,Female,Suburban,7,381.83825627322494,239,7,0.8956602431631067,6078.812392256052,Active,5,Credit Card,0
20,Male,Rural,6,29.922257068114142,324,2,7.1536411522888965,590.9757313788526,Canceled,11,Credit Card,0
37,Male,Rural,7,149.12943046318904,296,7,2.7114225338058806,1037.341805997471,Canceled,9,Other,1
53,Female,Rural,1,268.4462246314506,187,1,7.603282214041377,425.28130762992384,Active,17,Credit Card,0
36,Male,Urban,1,149.0464363773648,208,3,7.224113844635446,5041.781349300351,Canceled,17,Credit Card,0
43,Female,Suburban,8,321.64834276111947,220,2,0.07391901444293025,6046.005628953108,Active,3,Credit Card,1
20,Female,Suburban,2,251.29639005181596,190,9,5.091354129215992,718.5496374424264,Canceled,8,Other,1
36,Male,Rural,9,193.6209223325987,346,0,1.3931948237804637,7240.122228239274,Active,6,Other,0
37,Male,Suburban,7,475.6201408978459,284,6,8.662270305786768,2380.9112079941874,Active,17,Other,1
49,Male,Suburban,6,323.43655960949957,352,9,8.715858828624066,6883.494392321674,Canceled,7,Credit Card,0
24,Female,Rural,1,82.37185868861178,237,1,4.1834580749375805,9820.781686348932,Active,10,PayPal,0
69,Male,Urban,1,288.84401477282984,194,3,4.443956184510806,6941.948113533126,Active,6,Credit Card,1
58,Female,Urban,2,394.75128953643247,287,8,3.032829394045271,8843.611223943724,Canceled,8,Credit Card,0
50,Female,Urban,6,360.0750547965427,259,5,7.16606298960031,9487.165216756368,Canceled,7,Other,0
57,Female,Rural,6,102.6028300617245,246,7,3.5866136302645915,4918.835378687923,Active,2,Other,0
56,Male,Suburban,2,486.76159953924963,136,1,2.6779247452263375,7053.017296255098,Canceled,16,Credit Card,1
35,Male,Rural,1,235.43054995837088,280,6,4.322310595045082,8534.495610202834,Active,1,Credit Card,0
57,Female,Rural,5,96.33200179532543,271,5,0.9148751838745872,3630.4282374564227,Active,14,PayPal,0
18,Male,Suburban,5,106.493961981511,171,8,7.466032046442038,2687.8334339479093,Canceled,13,PayPal,0
28,Male,Urban,2,67.15279625075864,159,6,0.1259640127178696,9471.325870505552,Canceled,17,Other,0
45,Male,Urban,6,405.6886920487685,201,0,6.444850615205939,7290.404653651298,Active,15,PayPal,0
42,Female,Rural,9,78.57463727448734,45,7,1.8286452675487241,2274.8531204206806,Canceled,19,PayPal,1
67,Female,Urban,2,80.06012342803854,264,9,2.324040462144131,4545.9255874935225,Canceled,21,Other,0
40,Male,Rural,2,428.22637508520205,71,2,6.3563199864004,7984.872518424313,Active,3,PayPal,0
48,Female,Rural,3,185.40996053482863,364,1,9.929434657829072,5515.923610092577,Active,19,Credit Card,0
47,Male,Suburban,7,34.81179406787477,103,2,7.777174890725506,6534.525771842302,Active,5,PayPal,0
59,Male,Suburban,6,44.90974376883722,125,5,2.25839632223392,7562.305200246018,Active,5,Other,1
52,Male,Suburban,8,88.24181441786988,313,2,1.760247550411338,6257.890969208908,Active,10,Credit Card,0
24,Male,Rural,8,122.42880702833098,286,9,8.662328702676703,5446.785287029738,Active,16,PayPal,0
33,Female,Suburban,6,339.2701732344346,230,4,4.441839479215043,7521.181415438957,Canceled,23,Credit Card,0
43,Female,Urban,3,95.51661440087756,146,5,1.3705280282815546,7302.874050778787,Active,2,Credit Card,0
65,Female,Urban,3,77.05970776499456,197,7,8.622114233219381,6335.736761813471,Canceled,12,PayPal,0
69,Male,Rural,1,387.065187908614,221,6,8.160923529142615,3661.915192481103,Canceled,21,PayPal,1
66,Male,Rural,7,342.10653625275893,60,7,9.839063638971636,4117.539712782689,Active,2,Other,0
19,Male,Suburban,5,228.95562629851338,98,2,9.09743686712684,9707.341633952565,Canceled,15,Other,1
18,Female,Rural,4,283.6686903104499,171,3,8.517903386605417,1212.6207296861057,Active,14,Credit Card,0
65,Male,Rural,4,169.75232975668087,173,5,0.5257439781100315,2758.1986808030697,Canceled,10,Other,0
29,Female,Urban,4,251.6002017129731,151,6,1.0441536949811803,4974.777416122924,Active,17,Credit Card,0
22,Female,Urban,6,263.20287151171794,350,8,5.689831943041228,8383.62389282348,Active,14,Credit Card,1
54,Female,Suburban,8,205.87389016548605,122,0,5.314792462818208,1720.3890709243058,Active,4,Other,0
49,Female,Rural,8,455.1546611226381,108,7,4.5796321448953545,2841.8507194336376,Active,15,Other,0
26,Female,Rural,5,27.70969519088295,4,7,3.9678932541458423,751.4023561728659,Canceled,15,Other,0
58,Female,Urban,6,395.44220628379816,93,5,4.312104848643289,7089.254133903103,Canceled,16,PayPal,1
52,Male,Rural,4,79.70375899583567,6,3,5.692979341347952,2458.2734112085996,Canceled,8,Credit Card,0
36,Male,Urban,9,402.8227330578557,288,2,0.02076517600081207,3947.88003164241,Canceled,22,Credit Card,0
65,Female,Suburban,8,315.6377195248262,106,2,2.607087741328522,4492.644325593712,Canceled,2,Credit Card,1
33,Female,Urban,1,424.7734836494731,146,5,5.182797206887111,8924.00796250391,Active,19,Other,1
20,Male,Rural,2,66.80687630763077,271,7,7.222160986736462,4172.169874279244,Active,12,Other,0
37,Female,Suburban,9,288.31070436789156,96,6,1.7415669239539633,1537.7276971609656,Active,21,Other,0
41,Female,Urban,8,260.5221825258546,229,0,5.468811737874329,5290.717889567198,Active,2,Other,0
50,Male,Urban,3,358.97272782241214,202,5,7.144596838857817,9633.284147021433,Active,6,Other,0
41,Female,Suburban,8,276.4594649089644,212,6,4.446276579139047,6116.087846403029,Canceled,5,PayPal,1
69,Female,Suburban,1,279.55259222389003,6,6,0.2708113367005105,9835.53348255967,Active,8,Other,0
28,Female,Urban,4,226.20605291651106,112,8,4.492681584656367,8426.962358494813,Active,11,Credit Card,1
66,Male,Rural,3,168.24052352352362,323,9,2.964448877441531,456.06098651278677,Canceled,14,Other,0
25,Male,Urban,6,251.48689340105224,106,4,9.296496077013284,6618.155994232714,Canceled,20,Credit Card,0
53,Male,Suburban,7,76.87633220883228,139,0,1.2461338567832736,2938.992087823048,Active,19,Other,0
55,Female,Urban,4,481.5264027118807,299,1,6.524759555072322,5640.206870882766,Active,2,Other,1
57,Female,Suburban,7,362.9171665407672,96,3,0.5271976633450115,2865.517390219143,Canceled,9,Credit Card,0
37,Male,Suburban,9,477.18421601016644,337,4,4.461704378126965,3553.817124392375,Active,0,Credit Card,0
52,Female,Rural,2,128.82914351838235,297,8,5.539794872200806,9239.370246366376,Active,18,Credit Card,0
65,Female,Suburban,3,442.0836896847335,214,0,2.9795493131686546,2145.767530427883,Active,18,Credit Card,1
42,Female,Suburban,5,408.21919259049844,291,2,4.550756355203845,8753.680268455722,Canceled,22,PayPal,1
52,Female,Rural,3,345.0331579796834,22,4,1.6355379453018737,401.5322998979184,Active,22,Credit Card,0
42,Female,Suburban,8,320.01400932089877,193,2,3.0412384946803614,999.6777298595189,Active,12,Other,0
46,Male,Rural,8,171.94383932857758,150,3,6.21106324910203,8561.282909704209,Canceled,11,Other,1
35,Female,Rural,8,411.87717678321474,247,2,3.018000558611551,6342.504706001034,Canceled,0,PayPal,1
63,Male,Suburban,9,260.7274215102722,267,3,8.997430784088717,7497.637766591547,Canceled,18,Credit Card,0
35,Female,Suburban,4,54.027956427816974,251,0,6.284069576409897,2173.234941136357,Active,23,Other,0
19,Male,Urban,5,170.1743172104624,3,7,4.386490184359845,5417.126210342025,Canceled,15,PayPal,0
52,Female,Rural,5,468.9426073017573,316,3,0.3875693555418247,7398.470313355917,Active,22,Other,0
33,Male,Urban,8,428.3265250903262,76,6,4.995483352046712,6310.409956401599,Canceled,22,PayPal,1
58,Female,Suburban,7,491.31473507673877,87,1,7.647762421250892,4769.817792222974,Active,14,PayPal,0
53,Male,Urban,9,321.4368236499671,270,1,2.6555759801241363,9601.859485733376,Canceled,15,Credit Card,0
50,Female,Rural,8,138.80483510739774,225,5,8.067735696487674,6793.957601189109,Active,10,PayPal,0
21,Male,Urban,2,98.15122384489462,18,1,2.518067660508815,9086.732922388255,Active,23,Other,1
50,Female,Rural,4,109.71893149206159,113,5,8.237463879508004,7324.728064579444,Canceled,5,Other,0
31,Male,Suburban,6,29.501916006682105,251,1,0.852683416116774,7381.088933117063,Canceled,10,Credit Card,0
38,Male,Suburban,2,207.5274132732508,233,3,8.661837088690294,892.1808706010255,Active,2,Credit Card,0
65,Female,Rural,7,111.8852866397804,329,6,4.991864509333305,3658.6997563540413,Canceled,14,PayPal,0
37,Female,Suburban,3,217.59462101921716,279,7,2.96537589620262,8597.85712652462,Active,0,Credit Card,0
25,Male,Suburban,3,468.7973272826074,202,2,2.6511325041514877,2402.778235272684,Canceled,6,Other,1
24,Female,Suburban,2,226.65930056345118,83,8,4.320105589303626,1243.5080749490153,Canceled,0,Other,0
20,Male,Suburban,8,441.4325585527207,125,1,9.99049498103645,3328.449960724055,Active,16,Credit Card,0
34,Male,Rural,6,310.6422879756207,175,7,2.203273934375826,2282.335060436878,Canceled,8,Credit Card,0
50,Male,Urban,1,138.62314623746812,69,7,1.0321664887899962,9260.353128452236,Canceled,22,Credit Card,0
65,Female,Urban,1,190.81028444442148,47,3,5.850351687186619,8692.869755821099,Active,12,PayPal,0
29,Male,Suburban,7,60.28137719428612,256,0,4.885424664402571,5046.863979800752,Active,10,PayPal,0
68,Male,Urban,8,180.06204492608504,215,0,5.241962710633073,707.3043573902934,Canceled,19,Other,0
39,Female,Urban,5,345.21965384169636,30,1,6.66935417557217,7174.167226322247,Active,5,PayPal,0
39,Female,Suburban,5,54.613324606128884,281,8,2.671440698706493,6271.77614022902,Canceled,0,PayPal,1
63,Female,Suburban,4,118.59267606945409,237,1,9.106649953838884,9708.49124021211,Canceled,6,PayPal,0
47,Female,Urban,6,203.0916998783895,248,1,4.356720661222903,5633.637078676732,Active,11,PayPal,0
55,Male,Rural,6,491.383777767662,25,5,1.2908619514246178,3430.297861688803,Active,21,Other,0
55,Male,Suburban,3,396.73367502026247,74,6,7.422987567339443,5238.314766427702,Active,19,Credit Card,1
62,Male,Rural,9,372.07363831620984,206,6,6.431043526178502,9794.706584904712,Active,22,Other,0
68,Male,Urban,7,75.77165913221407,314,8,3.157434024840371,6993.988082077002,Active,18,PayPal,1
25,Female,Suburban,1,394.8780289351959,94,5,6.2151872403404855,6752.563765477807,Active,16,Credit Card,0
44,Male,Rural,7,396.92902952768725,127,7,2.1986195636897685,2482.7477382862653,Canceled,3,Credit Card,1
44,Male,Suburban,5,308.52929389967755,25,5,4.448393593405296,7461.664923850115,Canceled,2,Credit Card,0
51,Female,Urban,5,495.3736553592185,334,1,8.994125221673253,7527.69111177054,Active,0,Other,0
38,Male,Rural,2,176.12187484378492,355,0,1.3353423316074942,3241.1609393814624,Canceled,17,Credit Card,0
47,Male,Urban,4,471.81077515608877,116,4,3.86696449987462,4888.766940668061,Canceled,20,Other,0
50,Male,Urban,6,459.07093517912176,48,8,8.211424247203473,3016.572996110515,Canceled,14,Other,1
45,Male,Suburban,7,25.510716679701364,226,7,9.694908994061782,2661.180196210438,Canceled,7,PayPal,0
64,Male,Rural,5,236.0559327079093,266,3,4.539261364217959,356.37109546990297,Active,0,PayPal,1
50,Male,Urban,9,489.0100318647552,99,4,5.069996201433474,2923.5962720679877,Canceled,19,Credit Card,0
22,Female,Urban,3,69.49825395587638,11,4,5.721719617837698,5584.302503794921,Canceled,13,Credit Card,0
65,Female,Rural,1,282.93665330399335,85,5,9.323481416337108,115.85175673538538,Active,3,PayPal,0
36,Male,Urban,4,489.89960337972997,214,2,8.582067909770299,2903.8689297157075,Active,4,Other,0
21,Male,Urban,9,286.6378035708129,173,4,1.7060112462164434,8825.962290000176,Active,22,Other,1
52,Female,Rural,4,111.11134542663487,209,1,4.36757817847075,5977.120992562873,Active,12,PayPal,0
66,Male,Rural,2,299.4479504444431,64,9,4.640004281964263,6117.8419584017065,Canceled,23,Other,0
34,Male,Rural,5,118.13147549578248,258,0,7.890961116487567,4093.306619760897,Active,14,PayPal,1
61,Male,Rural,3,269.45804618935244,332,0,6.0289288260543525,6797.074220574869,Canceled,5,PayPal,0
45,Female,Suburban,9,55.540264597927035,121,9,6.542204620290129,1980.3343856805557,Canceled,0,Credit Card,0
47,Male,Rural,4,310.6316812229142,298,6,9.981999076656177,8205.593422803497,Active,22,Credit Card,0
46,Female,Suburban,6,268.05917078151595,54,1,0.7496004347001306,1255.2222873654082,Active,18,PayPal,0
63,Male,Suburban,2,375.2774570055023,331,3,2.23009823533733,6594.4134110657815,Active,12,Credit Card,0
23,Female,Suburban,6,322.7362261562168,272,4,4.078959373715469,3477.378325614862,Active,5,PayPal,0
52,Female,Urban,3,283.8110088947632,241,6,3.477824030488872,7500.37840876652,Active,14,Other,0
58,Male,Suburban,9,351.09384763909816,243,1,0.21645561346983588,5542.669057533598,Active,15,Other,1
54,Female,Suburban,2,89.0921185146708,18,5,0.9177760647117583,4578.2950809392905,Canceled,23,Other,0
41,Male,Urban,9,305.77263740412997,187,0,6.809532914035762,1777.2817807231452,Canceled,22,Other,1
46,Female,Urban,5,102.6130893549333,346,6,8.793244633625607,6404.532496415093,Canceled,15,PayPal,0
66,Male,Urban,8,464.25065976890284,144,8,5.142270112659776,9750.221449862089,Canceled,9,Other,0
63,Male,Rural,2,52.800370325890015,262,4,5.391910795136329,8273.47390657945,Active,21,Other,0
48,Female,Urban,6,226.57987985158076,364,4,2.5509343283237937,694.0811066312168,Active,8,Other,0
52,Male,Urban,3,353.98278927461354,239,3,7.678763636337114,3824.670845775792,Canceled,8,Other,0
50,Male,Suburban,5,239.8506616007642,304,2,7.517945873672564,9263.27179098369,Canceled,16,PayPal,1
69,Female,Urban,8,64.20572155179313,298,8,5.883656892176567,5080.133100814512,Canceled,16,Other,1
38,Male,Rural,1,285.62192774081956,76,4,2.1266428651134284,6654.907075500973,Active,16,Credit Card,0
49,Male,Urban,5,327.98331623713017,188,7,0.9701821823708945,9134.733521354765,Active,23,Credit Card,0
40,Female,Rural,3,357.82030927544366,333,8,0.6423857585712589,8750.567435156818,Active,11,Credit Card,0
50,Female,Urban,4,199.1647109421243,246,4,5.926960666428778,5068.021717851058,Canceled,12,Credit Card,0
20,Male,Urban,2,290.55678609380584,130,9,8.250353191428001,4432.69839631026,Canceled,11,Credit Card,0
35,Male,Urban,9,236.3295079706783,315,8,8.583304317809247,3462.956922947912,Active,13,Credit Card,1
42,Female,Urban,3,342.58689860108166,283,1,4.636220743434498,7218.292487312622,Active,9,PayPal,0
59,Female,Rural,2,300.1073443159129,79,8,7.842712993067169,2941.169314768278,Canceled,22,Credit Card,1
48,Male,Rural,9,272.36298538838474,72,3,9.468801963410236,2573.8873036659115,Canceled,18,Other,0
20,Female,Suburban,7,139.77169608235934,263,5,2.7517011248806797,3626.873956577423,Active,1,Credit Card,0
57,Male,Rural,6,20.96888851915228,191,5,3.979603463807572,1854.429063100041,Canceled,3,PayPal,0
63,Male,Urban,1,103.55920414948605,63,5,9.314789925966807,6981.686177863096,Active,18,Credit Card,0
41,Male,Suburban,5,76.19169988360096,12,1,3.3823096731728484,6200.7824283730615,Active,6,Other,0
67,Male,Suburban,3,235.56067760525445,141,6,9.138762903217962,4880.497487746851,Canceled,14,Other,0
49,Male,Suburban,1,313.88391236568543,254,5,9.810448622544657,3964.225214689391,Canceled,14,PayPal,1
64,Female,Urban,4,122.28080416870793,43,0,6.618107285744247,9099.719174677643,Canceled,23,PayPal,1
39,Female,Rural,2,470.74740606424984,17,1,8.168902895041683,388.32547139214233,Active,5,PayPal,0
40,Female,Urban,2,23.207422027466134,63,6,7.495455642210852,7714.166660722261,Canceled,2,PayPal,1
19,Female,Suburban,3,390.70448727936457,253,0,6.995342576155238,9028.904760313999,Canceled,5,Credit Card,0
44,Male,Urban,8,320.09828937461225,292,0,3.069310729812326,4518.910336356267,Active,15,Credit Card,1
59,Male,Urban,8,199.30630450288731,8,0,0.5709433790794372,5551.835865559403,Active,1,Other,0
19,Male,Rural,7,44.2346933179558,325,7,3.430517325196506,9450.190510032176,Canceled,6,PayPal,0
43,Male,Rural,6,321.1935544564541,90,3,6.669359852039066,2201.5474013265925,Active,10,PayPal,0
34,Female,Suburban,9,205.09448617551107,208,3,1.0252919822780138,5249.334993068381,Active,6,Credit Card,0
57,Male,Urban,4,469.4082269183452,292,1,0.11917982978242092,4799.739158569308,Active,3,PayPal,0
50,Male,Urban,1,280.15523594708765,284,0,1.3969237260293865,2658.087213916664,Canceled,23,Other,0
26,Female,Rural,8,471.03272542088393,118,9,7.157359264107953,8204.072980693769,Canceled,19,Other,0
60,Female,Urban,7,125.83217286718596,349,8,9.72793701656444,9006.045888156035,Active,6,PayPal,0
65,Female,Urban,7,368.3484369747696,175,6,9.830646996148204,7841.132539903268,Active,3,Other,0
56,Female,Urban,3,316.2795300073883,76,3,4.939791491401879,2034.053712401223,Active,11,Other,0
46,Male,Rural,4,374.91595031902966,101,5,8.693523009923474,958.8114914636775,Canceled,4,Credit Card,0
59,Male,Suburban,9,123.04057470681767,151,1,7.36826455751504,6093.900404522889,Active,22,Other,0
43,Female,Suburban,6,339.19736779413137,270,6,5.010402369846034,665.238129047851,Active,18,PayPal,1
52,Male,Urban,5,259.05938866729707,71,1,5.727605329550868,6760.9762967250335,Canceled,4,PayPal,0
67,Male,Suburban,3,376.5559879550318,180,9,1.3722714661687108,5351.199781239702,Active,18,Other,0
42,Male,Rural,9,176.98142919287253,124,7,9.376614606165921,6661.578754162269,Canceled,20,PayPal,0
41,Female,Rural,5,447.22737222332125,293,7,3.519297707317768,5942.690659132466,Canceled,2,Credit Card,0
30,Male,Suburban,5,60.464631013448184,285,0,4.461492564571695,4284.755438319011,Canceled,10,Other,0
24,Female,Suburban,4,407.45087301977026,195,7,6.716602309978987,2088.6840833882598,Active,6,Other,0
53,Male,Urban,4,433.4334203912436,228,1,3.3390247152655395,3126.451144523837,Active,16,Other,0
62,Male,Suburban,1,412.28110945607415,275,5,2.542591609889305,5292.555684767867,Canceled,8,PayPal,1
37,Male,Urban,7,266.1086692456525,106,0,6.310493932702206,6553.494127111298,Active,20,PayPal,0
18,Female,Urban,9,230.42479041476543,21,4,0.2498408228184945,7816.8818671568315,Canceled,8,Other,1
25,Male,Rural,3,498.2058975319409,64,6,7.207251120266789,7694.9901126457025,Active,9,PayPal,0
63,Female,Rural,2,130.0025365827978,165,9,5.140233698765098,9729.618558284745,Canceled,12,PayPal,0
33,Female,Rural,3,282.5004636205014,27,0,6.057537305209344,2929.8303417677535,Canceled,14,Other,0
31,Female,Rural,1,341.9242521835163,311,1,6.318801592468851,803.9960113130243,Active,21,Other,0
29,Male,Suburban,6,356.41646521348736,285,6,5.270501564925637,3522.0036618644067,Active,4,PayPal,0
68,Male,Rural,7,117.93183955451778,148,5,5.82533777440736,7458.615304718359,Active,2,Other,0
40,Male,Suburban,2,333.9171643231046,281,2,6.837882008898745,4437.305345229623,Active,7,Other,0
32,Male,Rural,8,412.8173919110419,326,9,7.5311884717967414,8196.105462835252,Canceled,19,Other,1
45,Female,Suburban,6,44.00891687413386,319,1,7.274523912861205,5538.331015341548,Canceled,9,Other,1
51,Female,Urban,4,457.5302207961519,164,9,8.696164577322618,9304.93805404198,Active,12,PayPal,0
19,Female,Suburban,5,34.16194646969885,224,3,1.8944343316740275,9483.848075790782,Active,2,Other,1
49,Male,Suburban,8,190.86609559442928,272,2,4.011479694917975,786.1146095856122,Canceled,21,Credit Card,0
40,Female,Rural,3,27.590334191821793,146,6,9.477960660144571,4618.493053153001,Active,7,Other,0
39,Male,Suburban,3,57.029680898999295,356,7,3.9659057438632974,6135.921706370723,Active,8,Credit Card,0
68,Female,Urban,4,457.360776886438,30,1,1.2487007690592267,2633.1381540409066,Active,21,Other,0
42,Male,Urban,1,190.33319875815096,45,9,5.254451263621796,4130.060115851904,Active,20,Credit Card,0
39,Male,Rural,9,223.89033460402538,275,6,1.0949097255446216,6809.047257065213,Canceled,11,Credit Card,1
39,Female,Urban,8,123.36530306362526,34,7,2.028532387278652,2344.668846293778,Canceled,10,Other,0
66,Female,Suburban,8,306.6059696896255,141,5,9.983187565709567,6059.615394447079,Active,1,Other,0
69,Female,Urban,6,305.50554304533904,318,5,5.4136263839613195,7004.73349882663,Canceled,17,Other,1
59,Female,Rural,7,198.65618807610525,221,9,2.8405838904042904,995.9134798490809,Active,8,Credit Card,0
23,Male,Suburban,6,179.85673846659122,356,0,9.947749545739061,5025.540228671783,Active,1,PayPal,0
32,Female,Rural,9,444.7828679266821,22,3,9.665589185551433,2704.492296249489,Active,1,PayPal,0
60,Female,Suburban,3,203.97643502825667,180,0,4.407390410842636,7271.424924380642,Canceled,2,Other,0
54,Female,Urban,3,256.8804762341159,329,3,2.604031087879084,1976.5995345157107,Canceled,15,PayPal,0
50,Male,Rural,3,155.9862859639667,231,1,8.3839963809219,8933.155363827253,Canceled,18,PayPal,0
25,Male,Rural,3,397.6493616114211,38,4,7.156207169717858,4366.319231531436,Canceled,3,Other,0
61,Female,Suburban,9,210.77511531156398,70,9,6.869414350035104,2060.2300000447794,Canceled,22,Credit Card,1
61,Male,Rural,4,266.53330234127577,116,8,8.931137413224725,4436.41578386826,Active,17,Other,1
22,Female,Suburban,7,141.61144162863746,239,9,6.894171338713246,4146.563251804426,Active,19,PayPal,0
56,Male,Suburban,9,494.07660432380084,335,2,2.8379794304154915,4346.297698987732,Canceled,17,Credit Card,0
21,Male,Suburban,7,159.917955643387,148,7,6.938631618757323,5897.056805624724,Canceled,9,PayPal,0
23,Male,Suburban,9,389.9564148346648,9,2,3.0581351128366396,5259.619876644021,Canceled,10,Credit Card,1
62,Male,Urban,3,225.1979121712444,288,5,7.59238979656995,1582.7936036409365,Active,16,PayPal,0
49,Female,Suburban,4,118.98435444038714,50,3,6.1974785449156595,749.2328192016995,Canceled,23,Other,0
69,Female,Rural,8,403.86500670313336,338,7,0.7741155198475058,7321.212942392751,Active,22,PayPal,1
47,Female,Urban,6,180.1312587339407,5,5,5.128353624351421,5641.202615690303,Active,23,PayPal,1
64,Male,Rural,5,435.2928067509493,343,7,3.4330096919574093,3654.1076039847107,Canceled,19,Credit Card,0
52,Female,Urban,4,459.32344876055504,126,0,3.2857063273229423,8102.7424427309315,Active,15,PayPal,0
57,Female,Suburban,8,432.7154409878124,75,5,6.022563023772572,3941.778895183474,Active,19,Other,0
69,Female,Urban,1,36.80379910726671,165,0,3.2232482446942488,7980.054387046014,Canceled,12,Other,0
33,Male,Urban,9,397.93920560245067,278,0,7.7689374820487265,3126.9856623725095,Active,1,Other,0
30,Male,Rural,1,217.44294391958906,324,7,0.7079143601117444,821.1684456974775,Canceled,23,Credit Card,0
67,Male,Rural,8,439.38700168746806,300,6,6.603882523958254,9333.132968619298,Active,1,Credit Card,0
59,Female,Suburban,4,326.2180460886746,290,2,8.091948036567413,4006.0561798855942,Canceled,13,PayPal,0
47,Female,Urban,9,420.14870438910003,77,5,6.728316899204301,7947.656471208841,Canceled,3,PayPal,0
36,Female,Urban,5,259.727249536081,298,8,4.972291950199957,2863.526918900814,Active,16,PayPal,0
34,Male,Urban,3,276.81224220748777,137,6,9.503070137361812,6499.014610024195,Canceled,12,Credit Card,0
36,Male,Suburban,9,89.30606342416027,106,2,2.9993848979806357,8745.77764525151,Active,3,Credit Card,1
45,Female,Suburban,9,396.3139321708906,95,5,0.19167887524977778,512.2758211658052,Active,2,PayPal,0
43,Male,Suburban,4,221.30701360014638,135,3,4.319893714634409,8323.294070392283,Canceled,11,Credit Card,0
54,Male,Suburban,4,260.03845677035963,68,2,0.3301193590032725,5756.196749222094,Active,21,Credit Card,0
43,Male,Suburban,8,396.84690276593966,147,8,9.539367525264087,6113.970363694835,Canceled,22,Other,0
40,Male,Rural,2,307.4457920381307,159,9,2.0991804574805153,5279.264207979228,Active,7,Other,0
26,Female,Urban,9,116.52738917248037,163,1,7.889270239488795,8757.30352250806,Active,1,PayPal,1
29,Male,Urban,6,303.3116763924285,341,0,7.745720831743649,529.9902366328108,Canceled,5,PayPal,0
18,Male,Urban,9,215.66377183023477,189,1,2.1772889968293354,2684.1810762048963,Active,21,Other,1
18,Male,Urban,8,245.37226018105406,339,6,6.212265304801673,8770.049134705638,Active,9,Credit Card,0
64,Male,Urban,7,33.58941171328054,95,9,0.48078968486450213,7548.222455066364,Active,11,PayPal,0
51,Female,Urban,1,120.81408776781517,181,0,4.835745857038675,274.6870857681979,Active,20,PayPal,1
49,Female,Urban,3,154.89827906289355,288,5,0.14647127272486737,5218.362203776116,Active,9,PayPal,0
65,Male,Urban,2,362.22080377222676,322,6,9.211438801808418,5342.769539055481,Active,9,Credit Card,0
42,Male,Rural,5,25.51638718309535,187,8,9.760860241995717,4068.7331377663127,Active,22,Other,0
57,Male,Urban,5,216.21308538998338,138,7,2.222827666385853,3044.193987413698,Active,2,PayPal,0
62,Male,Rural,5,463.53289780435176,130,5,2.081060345963728,6849.076019082187,Canceled,19,Other,1
18,Male,Suburban,4,73.70269594357944,194,2,7.537201765621297,2157.125600577063,Active,9,Other,1
33,Male,Urban,5,267.88370634493333,316,7,2.5337939882933447,8009.59076450989,Active,8,Credit Card,1
56,Female,Suburban,3,397.53074354760656,273,6,8.95076559161845,8050.067891597971,Canceled,19,Credit Card,0
22,Male,Suburban,1,472.415027609656,352,2,5.739291361229823,4211.0882319709235,Canceled,18,Credit Card,0
39,Female,Suburban,5,378.45278697618465,144,8,3.5077762301031212,2907.1253080055117,Canceled,13,Credit Card,0
46,Female,Rural,9,365.8714633493149,16,1,8.3269374634942,2910.393997748061,Active,1,Credit Card,1
20,Male,Suburban,9,416.71428329396593,302,2,4.934067004133952,4874.68410756248,Canceled,4,Credit Card,0
29,Female,Suburban,4,234.17658606922095,245,1,9.116329137084755,7223.834325018652,Canceled,19,PayPal,0
43,Female,Suburban,3,406.8053756565599,107,0,9.28014236729381,3652.8000408392018,Active,7,Other,1
33,Female,Urban,1,23.82291427781654,88,3,1.6542015212840933,6139.42912003174,Active,6,Credit Card,0
68,Female,Urban,2,463.78930658086637,129,4,0.023234061319302723,3886.5961597676837,Canceled,5,PayPal,0
54,Female,Rural,8,232.78712456824417,341,5,9.839309401424023,3114.779572598695,Canceled,10,Other,1
39,Female,Rural,1,285.6224901755588,4,4,9.061375361274793,346.1092075663622,Active,11,Credit Card,0
46,Male,Urban,8,142.34347947914353,327,0,0.5544523570384141,138.74964678036733,Active,17,Credit Card,0
31,Female,Rural,7,376.4147997634023,306,2,8.330342639410699,2349.356010536844,Active,18,PayPal,0
45,Female,Urban,8,56.78518710811943,95,0,4.578049325592066,4123.422239329855,Active,9,Other,0
22,Female,Suburban,6,438.86518522248093,209,4,2.5896160502497523,8527.485556884396,Active,20,Credit Card,1
64,Male,Suburban,9,417.49607792304454,225,4,8.787465236769298,8004.994005011212,Canceled,13,Other,0
66,Female,Rural,3,123.70885579748787,348,5,1.9666723239030726,2744.9360996211,Active,2,PayPal,0
47,Male,Urban,4,408.4757111769259,321,7,9.47299999420067,2520.9503855445632,Active,17,Credit Card,0
63,Female,Urban,6,397.4517118695111,47,9,2.056214876993411,2350.4885035932716,Active,23,Other,1
69,Male,Rural,8,323.4639669218955,181,0,6.1368318772874355,3458.449671235783,Active,14,PayPal,0
22,Male,Urban,5,199.28968491185,106,3,2.2308633452897486,5032.167323660685,Active,5,PayPal,0
29,Female,Suburban,3,150.31940200729656,199,9,5.456686649686348,4442.810943112597,Canceled,9,Credit Card,0
33,Female,Rural,6,131.25612333888802,106,0,6.839751299151413,2260.9046679367884,Active,11,Other,0
43,Male,Rural,4,172.93230212653145,280,8,1.9022793082013756,1391.4689584418186,Canceled,6,Credit Card,0
43,Female,Urban,9,453.70805284761457,260,6,5.208857827006792,224.5203436133343,Active,16,Credit Card,0
65,Male,Rural,3,57.26757247461501,108,6,4.69059744390119,1624.236062798388,Canceled,0,Other,0
38,Male,Urban,4,417.8582126014202,19,4,0.7103742140334124,7083.02806492177,Canceled,17,Other,0
56,Male,Urban,7,187.46723602007532,296,6,8.183078176753028,2512.021836521271,Active,14,Other,1
53,Male,Urban,7,270.3677100854519,306,1,3.3568240064284174,4739.157920202947,Active,18,PayPal,0
50,Male,Urban,4,401.35310415127555,171,3,5.745821975518796,5953.881374340122,Active,0,PayPal,0
47,Female,Urban,6,444.50074257102625,331,6,5.147842349331344,8879.72493803291,Active,4,Other,0
54,Male,Rural,3,185.49508163487056,195,2,5.132605045704422,8899.665474094852,Active,14,PayPal,1
40,Male,Suburban,6,241.68487101205295,12,1,1.0722239420848745,7482.763963445454,Canceled,2,Credit Card,1
27,Female,Suburban,2,218.96771111206027,195,9,4.234820092493328,448.0542212801641,Active,0,Other,0
22,Male,Rural,8,26.360496081877063,283,1,4.523667592065702,5793.197148945607,Active,7,Credit Card,1
53,Female,Rural,2,162.05258665215518,182,0,7.336428403644485,7887.176361231915,Canceled,11,Other,0
51,Female,Suburban,7,240.41083219162968,305,4,8.400188319206984,271.1516431572958,Active,21,Credit Card,0
69,Female,Suburban,9,217.3249322626111,144,5,5.449822781000179,5541.877675200125,Canceled,18,Other,0
48,Male,Suburban,1,366.5260292075261,316,5,0.8678295406499048,8591.865043281692,Active,11,Credit Card,1
27,Male,Suburban,8,204.70573626612955,182,8,2.3684947059654626,4793.610550838443,Canceled,12,Other,0
36,Male,Suburban,7,254.9006955059217,30,3,1.6493402685273106,140.6514086847397,Active,0,Other,1
49,Female,Urban,6,226.2121242235344,84,0,1.2461506318912474,209.03224752251384,Canceled,18,PayPal,0
18,Male,Rural,6,375.5005514692978,166,5,3.6589929861780757,4224.69677039613,Canceled,5,Credit Card,0
22,Female,Urban,6,434.22675151374204,284,4,2.2939350215438203,1634.5858074258701,Active,7,PayPal,0
62,Male,Suburban,9,275.3067579236068,281,9,2.1830311181151227,6678.06150522327,Active,3,Credit Card,1
21,Female,Suburban,2,398.92745321369176,96,5,0.5469317457626766,7117.112722570924,Active,4,PayPal,0
33,Male,Suburban,1,162.4576073695283,266,2,0.1767004479543388,1861.009975060223,Canceled,21,Other,0
41,Male,Urban,6,279.857412875489,298,1,1.027682426497818,8896.4795563924,Canceled,6,PayPal,0
33,Male,Urban,8,185.71037776158678,296,5,1.7219747942363306,4474.887665291366,Canceled,22,PayPal,1
19,Female,Suburban,3,218.81644427447856,225,0,4.309837288482031,1514.174485160045,Active,3,Other,0
66,Female,Urban,1,371.5586551100809,333,6,5.105202612988446,7666.090820887015,Active,19,PayPal,0
45,Male,Urban,9,443.1979915197021,361,6,1.4059191817336558,7920.747550166051,Canceled,3,Other,0
49,Male,Suburban,1,78.3177877221274,42,9,4.247833415241863,6429.025179388029,Active,14,Credit Card,1
44,Female,Urban,3,324.62684311394264,303,6,3.4174884232592726,8549.308976705275,Canceled,20,PayPal,1
37,Female,Rural,8,299.42902763734327,246,9,1.8342364349795603,7399.992423103646,Active,4,Other,1
41,Female,Rural,3,76.8392188044473,208,0,0.06840748148363551,8833.836798547207,Active,23,Other,0
29,Male,Rural,4,121.70927861125236,237,3,4.670178665217417,4395.4916800062465,Canceled,8,PayPal,0
67,Female,Rural,8,169.28119747168654,22,6,6.856517492651993,7501.211568184481,Active,1,Credit Card,1
52,Male,Suburban,1,100.1269139924007,185,8,2.26277334143807,9997.54047794754,Active,6,PayPal,0
50,Female,Suburban,6,136.99015161168404,242,4,1.3180682989667936,7276.81885544423,Active,16,Other,0
50,Male,Suburban,1,148.4483834536196,363,1,8.870427444469618,1230.4194243476084,Active,15,Credit Card,0
68,Female,Rural,1,181.1234398587486,283,6,2.750247724877978,5231.355352048911,Active,16,PayPal,1
60,Female,Rural,8,379.70741734455635,41,9,2.236126197926648,5914.743133305977,Canceled,19,Other,0
54,Female,Urban,4,294.5178578482883,336,0,8.570969396099159,1824.6856832067708,Active,22,PayPal,0
29,Female,Urban,1,493.39840253667273,162,6,8.171070991667612,9632.627178362573,Canceled,1,Credit Card,1
20,Female,Rural,7,219.0731969443861,160,5,4.483464705246336,1838.2397985827013,Active,10,Credit Card,0
18,Male,Rural,5,381.855235441724,89,6,4.8923886142777455,1857.8234051609054,Active,1,Credit Card,0
50,Female,Rural,5,438.3048422607362,322,9,2.17748704834022,9160.154665948094,Canceled,0,Credit Card,1
57,Female,Rural,1,345.90967665826014,12,2,0.783016704795575,4705.533787904544,Canceled,1,Credit Card,1
27,Female,Urban,6,217.69507540039808,73,2,5.73431825355661,725.5639648177104,Active,22,PayPal,1
60,Male,Rural,9,381.72542275796144,76,6,0.9834492159021313,6022.056249391433,Active,8,Credit Card,0
61,Female,Urban,9,117.76022613088873,346,1,4.492745469566498,6058.0808514671735,Canceled,21,Credit Card,0
46,Male,Rural,8,177.22503928646356,201,0,9.404971985130107,738.5575109969618,Canceled,1,Other,1
30,Female,Rural,5,282.4089224476586,10,8,9.528343891705845,9727.972706773255,Canceled,14,Credit Card,0
29,Female,Rural,1,296.1965058973512,352,8,2.393322865473586,5485.896656416298,Canceled,9,Other,1
48,Male,Urban,9,30.62790822686214,226,6,6.241134200456544,5641.977649579666,Active,14,Other,1
63,Female,Urban,1,473.6548106028842,176,6,4.740762641078576,5249.142603573706,Active,9,Other,0
19,Male,Suburban,8,354.3810901843472,276,2,8.75685127586106,6146.244618481738,Active,22,PayPal,1
68,Male,Rural,5,257.9378001113077,39,9,2.7143086427605323,2716.567552460174,Active,16,PayPal,1
67,Female,Suburban,3,467.901072515988,60,1,0.03702406832416849,2943.689344950924,Active,8,Other,0
52,Male,Suburban,7,230.76587132039768,66,6,1.625612059314151,5162.256988981714,Canceled,17,PayPal,0
40,Female,Urban,7,490.60907372977846,321,8,3.4952280116939805,8086.1899621594375,Canceled,3,Credit Card,0
34,Female,Urban,9,265.89668347687285,124,0,3.157211297704886,593.6593072923706,Canceled,8,PayPal,0
43,Male,Suburban,7,74.85716959903014,164,3,7.913629191228859,6073.701700980435,Active,15,Credit Card,0
25,Male,Rural,3,387.1044667804531,159,5,6.805606661388378,8087.103610812508,Canceled,3,Credit Card,0
46,Male,Urban,1,345.87090803736345,57,6,2.9955631961489724,1653.4809931685488,Active,15,PayPal,1
43,Male,Rural,8,391.03362622668163,78,9,4.577438171662134,248.72316560760632,Active,18,PayPal,1
27,Female,Rural,3,476.6921737883269,194,6,0.9555910395833522,3195.861621900435,Active,0,Other,0
43,Female,Suburban,8,392.7148652724887,285,9,8.981464448201008,5922.6226966230215,Canceled,22,PayPal,0
51,Male,Suburban,8,313.4415690639905,15,1,9.35424824448534,1469.0034167070023,Active,5,PayPal,0
68,Female,Suburban,5,431.5082731332036,12,3,9.79803535380938,4318.611472627606,Active,9,PayPal,1
58,Female,Suburban,1,343.1582908901751,101,4,8.685528307858377,5567.982824005351,Canceled,15,Credit Card,0
24,Female,Urban,7,215.8971472764431,156,0,1.7396088769622553,6028.94263809744,Active,3,Credit Card,0
21,Female,Urban,5,445.09748683605113,340,0,0.46196483201628835,2816.6760379037137,Canceled,21,Credit Card,1
67,Male,Suburban,8,126.51222117649897,125,9,5.79596727412674,4060.2933962642846,Active,21,Other,0
62,Male,Urban,9,363.02781195618763,359,2,9.126050268831104,7805.558367768831,Canceled,12,Other,1
28,Female,Suburban,7,443.15045837156333,280,9,1.7735136165974286,9418.025471794786,Active,15,Other,1
46,Male,Rural,7,371.0319294575822,110,2,0.0704291462414186,8632.615278070747,Active,19,Credit Card,1
53,Male,Rural,1,354.6922011458513,334,7,8.054960460322443,5686.406667160975,Canceled,5,PayPal,0
42,Male,Rural,4,381.2663811544813,357,8,0.76795684286734,4161.898749145071,Active,10,Other,0
38,Female,Suburban,2,243.2265191843093,146,0,4.137060319100304,3396.27048227704,Canceled,23,Other,1
53,Female,Rural,2,439.6019274353725,216,1,6.78887337188785,1337.0700042317787,Active,2,Credit Card,0
27,Female,Urban,2,117.64950806532377,162,9,2.3679758545618013,1154.8573474395184,Canceled,19,Other,0
54,Male,Rural,4,81.14547968016285,128,1,0.839625634467267,6914.740486645212,Active,9,PayPal,0
26,Female,Rural,1,157.04421445688556,314,3,7.700212284558287,2671.964720094488,Active,0,Credit Card,0
41,Female,Rural,4,275.1571504519967,332,1,6.301750848870414,2621.150695681223,Active,19,Credit Card,0
52,Male,Urban,2,265.06966179648225,150,6,9.884904844868048,9982.131039330077,Canceled,10,PayPal,0
66,Female,Suburban,5,413.8874036847616,36,8,3.443080333199593,1960.4669829505744,Canceled,11,PayPal,0
52,Female,Urban,3,214.19295507392835,173,6,0.617623862901997,1565.7916189394136,Canceled,13,PayPal,0
65,Male,Suburban,8,252.48532461992414,22,5,7.343500353352957,1076.983754823214,Canceled,7,Other,0
53,Male,Suburban,4,26.416487964509905,206,9,5.2173341885324565,5840.072917151282,Canceled,10,PayPal,0
35,Male,Rural,1,216.67483349261076,127,0,2.132039313891351,6315.851877420804,Active,3,Credit Card,0
66,Female,Suburban,1,330.9316318161642,336,9,7.817289890047594,3715.7564699431314,Active,6,PayPal,0
56,Female,Urban,3,27.443998700764247,356,8,2.0375548584994374,5400.592021563531,Active,9,Credit Card,0
49,Female,Urban,9,154.823343289397,217,4,2.6066165483293657,7905.155356354634,Active,18,Credit Card,0
41,Male,Suburban,7,119.81905245890717,96,4,0.9252855436671914,8199.231266385308,Active,3,Other,0
40,Male,Rural,2,40.15300587660235,164,5,3.9943227903085443,9583.329549584918,Canceled,1,PayPal,0
49,Female,Rural,9,250.044843158978,148,8,4.18929223937419,8260.253060636458,Active,20,Other,0
54,Female,Urban,2,107.22718074951513,18,7,5.145617903482984,5691.930223502523,Canceled,17,PayPal,0
29,Male,Rural,3,376.6791390230625,294,7,7.089642671237774,1878.6039617847753,Active,13,PayPal,1
66,Male,Suburban,2,427.00538420640726,195,7,9.061009286804257,1087.6592212581397,Canceled,15,PayPal,0
30,Male,Suburban,3,281.8808876811909,151,0,1.3773409888780863,639.6677101175061,Canceled,21,PayPal,1
40,Male,Urban,6,491.2195244101479,123,0,0.5434809834865706,6698.605734675299,Canceled,10,PayPal,0
42,Female,Suburban,9,236.22971430588575,187,7,0.18531233594333285,8094.608928440132,Active,9,Credit Card,1
52,Male,Urban,9,266.4167409079595,149,4,1.4362137806881625,5135.971111772382,Active,16,Credit Card,0
58,Female,Suburban,7,494.8245218997201,104,8,6.579494857816259,641.6703308530354,Active,13,PayPal,0
47,Female,Urban,3,131.14324926322342,243,1,7.274770779964967,5401.158688454248,Active,21,Credit Card,0
34,Female,Rural,4,472.4220510449145,231,8,7.865057135281221,9363.917689093048,Canceled,3,Other,0
66,Male,Suburban,6,40.562026457174355,206,7,2.437082119043427,6016.370590231359,Canceled,18,Other,0
37,Male,Suburban,5,234.26570732633348,198,8,3.058948132615199,8113.332135781867,Canceled,1,Other,0
65,Male,Urban,2,53.60168582387157,337,3,4.8313464556549945,8021.511219078331,Canceled,6,PayPal,0
42,Male,Urban,6,370.0326765985486,87,0,0.631830968602265,9328.078087828462,Active,8,PayPal,0
39,Female,Suburban,3,312.0362892224085,142,0,6.111415232112462,7725.264779933746,Canceled,18,Credit Card,1
30,Male,Urban,8,359.1844464644463,317,4,9.837350336757577,7502.235088729587,Active,15,Credit Card,0
36,Male,Suburban,2,199.75059198464814,199,1,3.608063113780026,2417.6163832093416,Canceled,21,Credit Card,1
66,Female,Rural,1,197.35132833506253,46,7,7.52847475091384,693.2590376787064,Canceled,15,Other,0
53,Male,Urban,9,41.753253901229414,288,9,5.0003391556960795,5224.234704032697,Canceled,17,Other,0
29,Female,Suburban,3,187.9735709742271,15,4,1.2781184436038273,1331.8986586728763,Active,22,Other,0
58,Female,Rural,1,466.0584330857885,44,4,5.822374488025863,9625.739175152114,Active,20,Other,0
36,Female,Rural,7,202.0287378466155,169,1,2.9987426844406495,2970.255150066983,Canceled,20,Credit Card,0
29,Female,Suburban,5,419.0564989865456,310,6,0.34403208453458234,8544.147613504501,Canceled,10,PayPal,0
26,Female,Urban,5,424.3162422799684,44,7,6.349297301177438,3937.4837895043474,Canceled,6,PayPal,0
24,Female,Suburban,1,199.15575506203223,98,9,8.589323493247276,3299.6230735880367,Active,8,Other,1
45,Female,Rural,9,323.35456659017075,261,0,3.4476976689987415,9358.069866528549,Active,3,PayPal,0
31,Female,Suburban,7,65.77836909106814,109,1,3.902955472127705,3696.8934636536173,Active,12,PayPal,1
48,Male,Urban,8,69.76571875245271,283,9,8.910216829672116,3963.8502957650508,Canceled,3,PayPal,1
69,Male,Rural,9,43.35567855762239,343,3,8.136088133673558,1150.3086181678007,Active,18,Other,1
36,Male,Suburban,6,298.88724482005256,104,4,7.149528235517772,6737.421986296842,Canceled,1,Credit Card,0
64,Male,Urban,5,224.51406926052658,256,1,2.487970637531479,2959.5102033273834,Active,8,Credit Card,0
33,Female,Rural,6,283.05553119883524,206,0,9.102166549666444,5897.481261611121,Canceled,11,PayPal,0
22,Male,Urban,2,270.11513144402613,335,8,1.54415757539213,5954.381870126774,Canceled,1,Credit Card,0
52,Female,Rural,4,188.09743572355052,43,0,6.267705194172218,7220.076986398093,Active,5,Credit Card,0
29,Male,Suburban,3,345.187239115267,353,3,0.288011805465187,7477.890713107168,Canceled,4,Other,0
42,Male,Urban,7,384.0809028398675,245,1,6.4371980632494585,5193.079100575241,Canceled,4,Other,0
69,Male,Rural,9,27.021564261284343,287,3,2.7714435187335984,3376.82028127369,Canceled,19,PayPal,0
38,Female,Urban,5,119.4763038890616,355,7,4.4967697718372,8390.763858863866,Active,21,PayPal,1
53,Male,Urban,6,362.35321668000165,273,7,3.452645520570531,3167.6699291439986,Canceled,4,PayPal,0
40,Female,Suburban,2,205.57768286424042,83,8,1.727567562462099,5124.340035246381,Active,3,Other,0
33,Female,Urban,3,337.99229453197194,110,4,6.219807900938741,4072.4005737169073,Active,8,Credit Card,1
56,Male,Rural,3,186.54207667258805,190,6,8.819755551406075,8565.276021099913,Canceled,21,Other,0
62,Male,Rural,9,207.5624731182258,288,2,9.590842422824034,4375.993458343705,Active,9,Other,0
59,Male,Rural,7,96.16585937104875,251,9,1.9234636315391507,3922.3819694910944,Canceled,15,Credit Card,1
56,Female,Rural,8,143.9508894397568,212,3,7.173727740629734,6929.254559686611,Active,9,Credit Card,0
31,Male,Suburban,9,310.59764360364187,291,9,6.643393666056823,6064.166987628283,Canceled,9,PayPal,0
48,Female,Urban,6,227.91829343127986,133,8,3.4337778957457257,1161.743651608876,Active,18,Credit Card,0
22,Female,Suburban,4,391.66528781340566,201,9,0.19099199353725838,5130.871182805236,Canceled,9,Credit Card,0
52,Male,Urban,1,429.24077837040454,285,9,6.897912473128661,7381.236044499152,Canceled,5,Credit Card,0
40,Male,Urban,8,279.99028074404475,326,0,9.454948605595002,9921.540169454427,Canceled,16,Credit Card,0
46,Female,Urban,7,383.9683001869084,95,1,6.321201219156514,6328.55365630616,Canceled,4,PayPal,0
60,Female,Suburban,2,167.31416633339362,278,4,4.3529272418763405,3765.9013577690457,Active,5,PayPal,0
28,Female,Urban,8,219.18618339203755,325,2,5.251538941116284,2338.9008380409723,Active,23,Credit Card,1
35,Male,Suburban,5,362.13328458407887,219,1,1.9962880765991753,8741.019318117871,Canceled,14,Credit Card,0
64,Female,Rural,7,205.38175655217472,89,0,7.505441637537375,8164.195599923677,Active,18,PayPal,1
29,Male,Rural,4,302.48236887631464,72,9,7.46419830009849,2415.83592571591,Canceled,17,PayPal,0
26,Female,Urban,5,108.97893395960551,247,2,1.4551730038742494,2086.257692451077,Canceled,3,Credit Card,1
27,Female,Suburban,8,307.890231185839,129,0,8.77978382499659,7179.854090430638,Active,7,Other,0
61,Male,Rural,1,433.5265794689089,212,0,2.6918973947330525,3218.025412995719,Active,15,PayPal,0
34,Female,Suburban,1,436.9470271152443,343,0,9.82256060936615,3133.3481037833826,Canceled,23,PayPal,0
55,Male,Suburban,4,367.68531503817906,96,7,3.829030140372458,1607.673445969787,Active,18,PayPal,1
24,Male,Urban,3,377.9616219565405,75,2,1.7788405873449964,2713.357645127316,Canceled,19,Credit Card,0
63,Female,Rural,2,287.8051736723363,54,0,3.517201113456523,4332.32482016723,Active,2,Credit Card,0
30,Male,Urban,3,300.6406832795959,344,6,4.401803286971932,7355.099538996914,Active,9,PayPal,0
57,Male,Urban,1,84.15227907704863,54,9,0.6930777303829483,3429.4501346961224,Active,1,Credit Card,1
59,Female,Rural,1,233.05241044222453,218,2,5.782183812232895,3353.1829608504427,Active,3,Credit Card,0
26,Male,Rural,6,236.37261626545464,16,7,5.976324398689004,2920.6412002691145,Active,5,PayPal,0
67,Male,Suburban,5,480.07896112051526,99,3,7.389304553494722,4835.008308359325,Canceled,10,Credit Card,0
44,Male,Rural,8,226.92169405917892,20,3,0.29169892290743293,1888.3033096190215,Active,13,Other,0
19,Female,Suburban,2,283.68446955332365,46,4,5.412382144338301,4907.744266918043,Active,15,Credit Card,1
22,Male,Suburban,4,275.9606716539692,193,5,0.5290743327066438,7071.33800632743,Canceled,20,Credit Card,1
46,Female,Suburban,8,325.645624181277,58,6,7.011442199666535,394.92598992295956,Canceled,18,PayPal,0
54,Female,Rural,6,379.15175903931004,111,3,0.5572798570098447,196.81586502704246,Canceled,1,PayPal,0
55,Male,Urban,1,128.02010056201863,129,7,9.117278483416326,843.7168105296413,Active,16,Other,1
36,Male,Suburban,4,273.7877211672492,337,5,7.0208256688449655,5403.03461110831,Active,8,Credit Card,0
25,Male,Urban,1,416.4404995116946,194,0,5.0738976508515705,8559.105323535494,Canceled,16,Other,1
65,Female,Urban,2,242.2950626420055,340,0,4.41503923281175,148.35621360049424,Canceled,14,Other,0
62,Male,Rural,5,153.65962225931503,326,8,1.3067263041326238,9372.946915388342,Canceled,6,PayPal,0
18,Male,Urban,8,334.26035617102355,8,9,2.9099938956466307,1152.1572645483045,Canceled,21,Credit Card,0
39,Male,Urban,8,415.408349983579,29,5,8.689591050208962,8435.63692777644,Active,22,PayPal,0
69,Male,Rural,3,50.30734060514783,112,9,9.044528115624939,4880.2621733311735,Active,18,Other,1
34,Male,Suburban,4,392.859432035469,161,7,0.007477083705310639,6627.638134060555,Active,2,Other,0
24,Female,Urban,6,414.3910078216502,131,6,5.941363914775513,5155.761546027105,Active,0,PayPal,1
42,Female,Rural,3,241.53100524253125,188,5,7.193006090251136,4822.777429275611,Active,3,PayPal,0
62,Male,Urban,2,491.98671527286433,163,3,6.187469824576063,8365.504340807476,Canceled,17,PayPal,1
21,Male,Urban,6,397.6200035395084,197,6,0.8167976486635398,7583.275157721382,Active,7,PayPal,0
53,Male,Suburban,5,391.35803114991955,364,8,2.177248987989022,4885.682141577741,Canceled,18,PayPal,1
23,Male,Urban,5,378.9625157177945,204,9,2.50340267381386,1205.1957010210099,Canceled,22,Other,0
48,Female,Rural,5,92.29188954477152,212,9,8.317246313050896,1242.4892972126406,Canceled,22,PayPal,1
36,Male,Urban,5,124.27082549744519,109,6,4.631994363089205,8035.240661118847,Active,5,Credit Card,0
61,Female,Suburban,3,242.715263102924,276,0,4.868282119412369,5340.967151340581,Canceled,0,Other,0
56,Female,Suburban,7,146.72208798054362,73,9,9.348930465545086,4867.7324881716895,Active,7,Other,1
44,Male,Rural,6,219.3156667203394,167,8,6.370858888547155,6837.611729471079,Canceled,0,Credit Card,0
27,Female,Suburban,4,446.4627727630019,260,3,8.986677015526638,8602.531675801178,Active,18,Credit Card,0
43,Female,Urban,2,415.6769081020492,243,2,4.56508855341533,6325.844129691722,Canceled,10,Other,0
36,Female,Suburban,9,322.41914167039147,275,3,1.4943625851829423,7652.194233230142,Active,20,PayPal,0
56,Female,Rural,1,431.8977892405297,102,3,9.299355940740856,7676.178188757874,Canceled,23,Other,0
20,Male,Suburban,4,396.2107467282796,173,9,4.587051156675383,3626.9883430502946,Canceled,14,Other,0
62,Male,Suburban,1,225.91276728362743,171,1,1.8163142187882186,2813.4236368458573,Canceled,22,Credit Card,0
30,Female,Suburban,6,116.51127298397367,141,0,3.0239574030392227,8031.524265034071,Canceled,10,Other,0
67,Male,Rural,4,266.81649920448285,188,9,0.5080258968894225,3834.070038664011,Active,18,PayPal,0
45,Male,Suburban,5,373.38986361370405,86,0,4.683005914563852,9043.026464574781,Active,20,Credit Card,1
37,Male,Suburban,5,229.48140739020465,52,7,8.531281719102367,789.9378976281843,Active,9,Other,0
45,Male,Urban,9,340.0505166962707,111,1,9.335804560066894,676.3533695458625,Canceled,23,Other,0
25,Male,Rural,1,65.27716461970094,342,9,9.326022075036438,9277.341185003943,Canceled,11,PayPal,0
58,Female,Suburban,2,379.04227345827366,43,4,1.2523002562874674,6519.703650396205,Canceled,0,Other,0
56,Male,Rural,6,410.1025375486698,211,3,3.82053882511057,3858.03362883849,Canceled,23,Other,0
18,Male,Suburban,5,359.28217077465973,200,7,0.2822875965070637,7575.09810668021,Canceled,6,Other,0
20,Male,Suburban,7,484.28652201265544,298,1,8.551653449714728,6756.035418937048,Canceled,16,Other,0
30,Male,Suburban,3,416.7929875811074,346,9,3.587557620212738,5358.890363514002,Active,9,PayPal,0
45,Female,Urban,3,453.4849893807384,240,8,6.311170278922348,1078.8460923602483,Active,5,Other,0
66,Female,Urban,2,468.11412005967105,115,6,7.148984380772886,8140.57791419824,Active,16,Other,1
42,Female,Urban,3,404.64703609942814,26,6,4.298446697431554,8673.629587738185,Active,17,Other,0
50,Female,Rural,1,343.6442441631196,299,0,3.0644233655024298,1804.4700166712262,Active,4,Credit Card,0
55,Male,Rural,5,22.744919053178858,77,1,9.622129101159446,8520.06535457296,Active,17,PayPal,0
23,Female,Urban,5,243.59636154709986,137,3,9.644882250238542,8790.688379063986,Active,16,Credit Card,1
61,Male,Rural,7,294.15790333873326,20,3,2.894363680300219,5539.343261656309,Active,21,Credit Card,1
62,Male,Suburban,4,165.93453077503983,211,2,4.796250967444581,6596.172458604601,Canceled,15,PayPal,1
49,Male,Suburban,3,172.69013451366658,240,6,9.728441586600225,3884.1494681434647,Canceled,7,Credit Card,0
62,Male,Suburban,1,481.3565195408793,39,7,0.04868407655503226,2889.7373103417335,Canceled,23,Credit Card,0
64,Male,Urban,8,448.021215297318,268,1,4.126782483791493,7247.633154821283,Canceled,12,Credit Card,0
38,Female,Rural,3,427.60592264081805,207,3,1.0045754968096843,8632.5639752565,Canceled,23,PayPal,1
33,Female,Urban,2,214.8856648189331,267,2,5.091579655626026,6575.367774261901,Canceled,15,Other,1
38,Female,Rural,4,26.57530419627898,154,1,0.2466995454048715,5164.747045400837,Canceled,10,PayPal,0
28,Female,Suburban,3,58.506678298742756,42,5,4.068984313906279,1673.3551917572984,Active,5,PayPal,0
54,Male,Urban,1,169.85425674444974,11,3,2.206990747853351,629.2412547876997,Active,2,PayPal,0
53,Female,Rural,3,27.556598237924952,294,5,5.333083624587408,4512.348723442789,Canceled,0,Credit Card,0
52,Male,Rural,2,28.231895319295095,98,1,9.959936491006996,588.5606806044706,Active,17,Other,0
36,Female,Suburban,8,459.9695847883573,275,3,8.005361051267476,5736.412855881528,Active,4,PayPal,0
37,Male,Urban,6,358.95608101714595,230,5,8.456420916244214,3889.018994045936,Active,12,PayPal,0
35,Male,Urban,9,168.29887523271327,220,4,6.352649873590809,7596.172284851497,Active,9,Other,0
64,Female,Urban,8,83.66939724845751,65,2,0.4155984827225856,3125.920118678216,Active,4,Other,0
58,Male,Suburban,3,265.585144589637,355,7,2.067976760441441,5970.528739577578,Canceled,13,Other,0
66,Male,Urban,5,22.56615721009494,232,6,9.250645564470549,5423.066865375495,Active,16,Credit Card,0
31,Female,Suburban,7,470.43859705190914,328,2,3.661131179287512,146.65301267018748,Canceled,0,Other,0
32,Male,Suburban,5,219.11125730669465,52,5,1.0363672648079558,816.6550428166724,Canceled,1,Credit Card,1
48,Female,Suburban,8,213.12077851391973,263,3,7.0240536586620195,2974.645303611603,Canceled,6,PayPal,1
18,Female,Rural,5,207.48493163925545,267,4,2.9945772393425463,8834.127302105575,Active,9,Credit Card,0
20,Female,Urban,1,53.277598586127084,359,4,2.688569129041717,1555.4480535078078,Canceled,19,Other,0
33,Male,Urban,5,326.39467510007677,317,6,9.979774555582603,7137.853871559362,Canceled,6,Credit Card,0
40,Male,Suburban,4,371.8417374216096,324,4,8.581389250266543,9736.329004907644,Canceled,23,Other,0
28,Male,Suburban,6,344.54019084237933,154,2,4.07937818367841,7926.6187716424365,Canceled,15,Credit Card,1
29,Female,Urban,3,86.44903679810926,358,9,9.80261207816499,2505.159080701735,Active,4,PayPal,1
27,Male,Suburban,5,297.84328065708445,140,4,6.501132234192136,9092.816078089509,Canceled,11,Credit Card,0
49,Female,Urban,2,293.35255240268185,51,6,7.420224518797602,1021.7608494330617,Canceled,16,PayPal,1
33,Female,Rural,6,436.8371782118634,117,4,0.3151304308221159,4734.6052245202845,Canceled,15,Other,1
25,Male,Suburban,6,201.98127602031056,46,4,1.216052593480571,8886.664886491495,Canceled,19,PayPal,1
55,Female,Urban,5,198.31325295652843,309,8,6.330851264962384,6448.530521643011,Active,15,Other,0
29,Male,Suburban,6,316.89298818472906,88,2,8.99023982649484,4195.081190804218,Canceled,18,Other,0
41,Male,Urban,7,323.87487367976627,208,5,6.237437260875956,2998.847380697971,Canceled,14,PayPal,0
45,Male,Urban,5,245.25690911637938,269,0,1.3402489431899178,3813.4841126516644,Canceled,11,PayPal,0
25,Male,Suburban,1,232.6684939186021,89,9,1.1576004624632463,5138.523631991933,Canceled,20,Credit Card,0
45,Male,Rural,8,257.1908819061837,118,4,8.441858958240816,3258.534905740793,Canceled,9,Credit Card,1
53,Female,Urban,4,433.3017437615897,54,7,1.393023387079143,9692.781834614767,Canceled,21,PayPal,0
43,Female,Urban,9,241.3601126018768,116,4,5.2023196050402545,9337.468765354837,Active,1,PayPal,1
25,Female,Urban,6,471.1672601455148,118,8,0.3711331996230227,8719.647535321776,Canceled,6,PayPal,0
67,Male,Rural,1,261.92180652623654,260,5,0.8066976739117737,4276.115371674268,Active,12,PayPal,0
45,Male,Rural,3,475.61633272682786,75,7,6.723482676428648,6943.887516418767,Active,2,Other,1
45,Male,Suburban,3,419.75931289715635,305,9,6.891814104275166,9038.01013965605,Canceled,14,PayPal,0
54,Female,Rural,4,193.96703485559797,7,7,3.414694066084424,8519.251928021387,Active,0,PayPal,0
58,Male,Suburban,6,434.5478822223757,122,2,2.1560976524304474,4201.837438800056,Canceled,2,PayPal,1
53,Female,Suburban,7,72.8303764165353,11,6,8.13710270757308,1212.621888290381,Active,9,PayPal,1
44,Female,Rural,4,464.022644164647,348,6,2.171032294698904,848.7406019620397,Canceled,14,Other,0
34,Male,Suburban,6,323.18888723978796,215,9,5.420270696663797,5812.934047734456,Active,21,Credit Card,1
26,Male,Rural,1,46.10755929070937,279,5,9.682088408629054,6462.016558588223,Active,5,Credit Card,0
50,Female,Suburban,8,329.24322735238957,28,6,1.4785243786238378,8513.441785510538,Canceled,19,Credit Card,1
37,Male,Rural,7,487.63887398948293,235,1,9.408762674947088,2995.8987013762076,Active,14,Credit Card,1
30,Female,Rural,9,53.50431421502188,313,8,1.8289305306866865,1757.9578564454205,Active,23,Credit Card,0
45,Male,Suburban,3,286.2501006944414,26,9,5.674432080232296,3852.157748464175,Active,20,Other,0
65,Male,Urban,2,378.94128788449876,54,9,3.7700771195874463,3600.393723959523,Active,6,Credit Card,0
46,Female,Suburban,1,408.92412161577505,29,0,9.649286015018259,1411.4426447767619,Active,20,Other,0
30,Male,Rural,3,218.637183353982,353,0,2.735420290019369,6755.598259880206,Canceled,4,Other,1
63,Female,Urban,5,117.99994840075664,164,2,3.9965800208575364,5136.050213220822,Active,3,Credit Card,0
52,Male,Suburban,2,40.32429381074424,270,2,9.828601178554205,7239.115285536186,Active,21,Credit Card,1
23,Female,Suburban,3,298.2685554066679,334,0,5.364703911884732,3591.6420896803734,Canceled,17,Credit Card,1
35,Female,Suburban,4,237.39731372845318,35,6,5.026301156212535,3324.451894619253,Canceled,2,PayPal,1
68,Male,Urban,7,475.39730967186125,286,3,2.577784882039913,4778.500945134171,Canceled,16,Other,1
22,Female,Rural,3,49.090355703156696,348,9,7.013635603104414,8786.332719411956,Active,17,Credit Card,0
64,Male,Suburban,9,348.98976485408275,273,1,0.14372951777777643,498.7849366664053,Active,17,PayPal,0
42,Male,Suburban,8,31.98378661762744,208,9,0.4951262970229353,8067.844891235073,Active,23,Other,0
19,Male,Suburban,4,102.28840482106051,238,4,5.993585871358027,3752.977365311789,Active,23,PayPal,0
27,Female,Suburban,1,237.71791996296037,93,5,3.416745738184541,8560.72835530593,Canceled,1,PayPal,0
47,Female,Suburban,1,238.33877254537674,173,8,9.533163722009606,8041.809787474979,Canceled,12,Credit Card,0
67,Male,Rural,1,349.1362606081491,79,3,9.031906907227857,3552.736349221275,Active,21,Other,0
62,Male,Rural,1,456.90225673652316,110,1,7.1370625867670725,6969.377699683998,Active,14,PayPal,1
22,Female,Suburban,8,326.735436279162,217,4,8.181455811278013,1680.3642920570574,Active,4,Other,1
50,Male,Urban,3,477.69684696872423,358,2,6.673318496676933,8973.187366421502,Active,2,Credit Card,0
18,Male,Rural,6,443.17550714143886,106,1,1.2558210271016068,4104.461538073903,Canceled,4,Other,0
35,Female,Urban,3,300.5599018547793,47,0,7.655433696892027,4610.6935920164815,Canceled,4,PayPal,0
49,Male,Rural,5,420.2201364410371,181,9,2.101919687188464,7087.01460526615,Active,4,PayPal,0
64,Female,Suburban,7,328.4372529553443,64,1,3.234428551001968,8226.318343378025,Canceled,2,Other,1
66,Male,Rural,2,57.70775884338903,246,5,8.192342121024202,2439.793158949275,Active,2,PayPal,0
28,Female,Suburban,6,375.4710671645648,244,7,5.365256083934482,6647.3663847822545,Active,19,PayPal,1
38,Male,Rural,6,65.55605180832617,320,2,8.599407141834092,3980.78063450257,Canceled,22,PayPal,0
43,Male,Suburban,3,305.15973467346197,87,8,2.130353198432642,3750.158947639217,Active,17,Credit Card,0
42,Female,Suburban,6,357.26729881194984,217,8,6.077784386068872,6931.255657012482,Canceled,19,Credit Card,0
39,Male,Suburban,5,51.933251941210514,7,1,0.8379097254826162,3933.11441414375,Active,3,PayPal,0
44,Female,Suburban,2,130.78143388473524,278,7,6.430609935400296,3526.474151627636,Canceled,0,Other,0
66,Male,Urban,9,459.5226714855919,337,9,7.6253403777553475,8375.295240449801,Active,15,Credit Card,1
30,Female,Suburban,8,315.8309562717902,210,4,5.849308939787217,1102.633625926963,Canceled,7,Other,1
50,Female,Urban,3,138.21728902905517,169,3,2.6623150149881027,6791.336966019086,Active,16,PayPal,0
51,Female,Urban,8,351.52629015104316,330,9,0.3134266885886672,2562.381398527184,Active,7,PayPal,1
58,Female,Suburban,9,306.45268158161105,138,4,1.1944888396428577,253.43259407928403,Canceled,6,Other,0
52,Male,Urban,3,260.7563359606152,306,3,6.223029790740262,1750.966261839651,Active,7,Credit Card,1
18,Male,Rural,3,488.5697479942802,230,7,9.344202168425138,6105.949144781091,Canceled,20,Other,0
38,Female,Suburban,2,348.05781315560426,308,3,2.065344039720064,7120.35919571078,Canceled,23,Other,1
65,Female,Urban,8,200.2117326405981,161,9,7.350261491050988,308.4720572075684,Active,11,PayPal,0
23,Female,Suburban,1,404.03524739689664,1,5,8.664510632490416,460.6118886870295,Active,15,Credit Card,0
45,Male,Suburban,8,444.59998060217015,236,1,5.208821784475111,9035.166936945236,Active,11,Other,0
34,Male,Suburban,7,80.10586856807907,188,4,6.692657958436578,825.7275993258263,Active,18,Credit Card,0
22,Male,Urban,7,116.26542936572791,4,5,8.15015316676148,8952.403370304055,Canceled,9,PayPal,0
48,Male,Rural,3,123.78896438133425,132,4,2.6067515774059355,2358.842546133967,Active,6,Credit Card,0
22,Female,Rural,1,351.78166850553936,218,1,2.9689567426804295,7426.1762215663075,Active,11,PayPal,1
55,Female,Urban,4,309.458986425576,260,6,0.006275166284561706,3166.359164565519,Active,19,Credit Card,1
20,Female,Suburban,9,317.11595105532234,1,3,9.630941308978025,8601.64505353092,Canceled,4,Other,1
40,Male,Urban,5,471.57118385096044,71,7,9.175448945963447,7034.503167701143,Active,15,PayPal,1
54,Male,Urban,1,392.43753574750684,178,6,7.645682637594303,4077.953240156782,Canceled,8,Other,1
54,Male,Urban,5,81.40972376565593,189,6,0.7907602097664812,855.3942963233875,Active,6,PayPal,0
27,Female,Suburban,8,186.8033995640869,291,8,4.475028896995081,7353.73182032099,Canceled,19,Credit Card,0
27,Female,Urban,8,228.9889501643531,8,0,1.0189175397155281,6207.159084055297,Active,21,Credit Card,1
36,Male,Suburban,5,210.06156259885034,253,9,0.15920267262798604,128.82600655450852,Active,13,PayPal,1
34,Female,Urban,9,341.268132397702,292,5,6.161829652125973,193.2565741272087,Canceled,10,PayPal,0
38,Male,Rural,1,448.10868956315005,244,5,9.608294170801884,8107.0504346076705,Active,6,PayPal,0
31,Male,Urban,4,166.90470249093823,123,5,9.0286802343215,2668.057414138353,Active,9,Credit Card,0
26,Female,Urban,3,284.9010254821691,299,5,6.967548149354044,6397.72331050785,Active,8,PayPal,1
63,Male,Rural,2,398.9165225185211,283,9,0.9664058416487142,4596.72275567595,Canceled,3,PayPal,0
18,Female,Suburban,8,219.78466824576768,32,6,2.7416403767230015,8647.957143765496,Active,15,Other,1
68,Male,Suburban,7,100.69670163166201,334,9,3.2005672688529097,9177.915019714637,Canceled,9,PayPal,1
62,Female,Urban,9,247.97646332659917,146,5,7.631500577455612,9968.396355520656,Canceled,18,Other,0
30,Female,Rural,2,46.50680995665367,156,0,8.02249179235114,1621.4729444917436,Canceled,23,Other,0
21,Female,Suburban,4,472.3440579210929,16,2,3.851061229899204,8643.344060107207,Active,16,Other,0
18,Male,Urban,6,55.91417849358706,355,1,4.178839966176096,2733.6116296151376,Canceled,8,Credit Card,0
66,Male,Rural,3,230.45922332027752,47,5,0.44509039276171336,5949.077161465526,Canceled,12,Other,0
57,Female,Suburban,8,274.34300532249256,251,7,2.89136718418761,5107.151055305188,Active,0,PayPal,1
49,Female,Suburban,3,492.945839497897,187,2,4.5128517717764,278.0825025666378,Canceled,1,Credit Card,0
51,Male,Rural,2,99.69047534857317,31,9,1.1698304638525758,9334.435671070338,Canceled,12,Credit Card,0
45,Male,Rural,3,74.92712893393211,260,7,4.532674607550213,875.4378459772627,Active,23,Credit Card,0
48,Male,Rural,6,24.178950590020918,17,7,8.531758122578005,6913.367302136585,Active,8,Credit Card,1
25,Female,Rural,2,94.67428969726511,39,4,5.813210197250534,7871.5676784617945,Canceled,6,Credit Card,0
56,Male,Urban,8,119.49102995248046,304,7,0.7892985503841232,7973.349705572074,Active,15,Credit Card,1
43,Male,Rural,1,322.6788519598843,39,5,1.9167131883027433,1441.3957373955634,Active,18,Credit Card,0
51,Female,Suburban,7,125.4592593878722,132,4,4.745443501585562,4530.942510028924,Active,6,Other,0
20,Male,Suburban,2,29.8499910700761,30,8,3.614871498218121,8311.3458172964,Canceled,5,PayPal,0
67,Male,Urban,6,416.7768058411946,158,6,3.5872701954609876,3096.524182749671,Canceled,17,PayPal,0
29,Male,Suburban,2,195.48593648190405,278,7,5.292674481435902,4730.711886209169,Active,18,Other,0
18,Female,Suburban,2,189.7744095587523,203,0,5.843959215894574,2800.659537728473,Canceled,10,Other,0
61,Female,Rural,8,165.18993400060475,66,1,7.968615702761911,4689.159037064709,Active,11,Credit Card,0
22,Female,Suburban,2,488.179173030282,108,7,3.4096656346248464,8889.595433669512,Active,9,Credit Card,0
47,Female,Urban,7,101.65540030845511,268,8,8.054662830405867,4605.729887224417,Active,12,Other,0
47,Female,Rural,3,451.1542706975529,222,3,3.3861122911263255,5603.528969035771,Active,11,Credit Card,1
34,Female,Rural,8,392.8655994271462,292,9,0.5543298894123383,4099.365204700527,Active,20,PayPal,0
65,Female,Urban,7,56.71037863967028,18,9,5.541876510047912,4655.160113712923,Canceled,9,PayPal,0
64,Male,Rural,8,493.62996872040736,90,8,5.879023248948146,250.22457055957483,Canceled,19,Credit Card,1
40,Male,Rural,7,150.25566249872506,181,3,9.3454024562186,2909.0805486085146,Canceled,17,Credit Card,1
32,Female,Urban,6,67.31980497075793,255,9,7.260613260624744,4422.159045244061,Canceled,3,Credit Card,1
54,Male,Rural,7,418.07083238036455,253,9,9.177726524944395,6374.590062328016,Active,23,PayPal,0
38,Male,Urban,5,359.20425616529593,257,9,9.083472102430095,4555.514112483532,Active,4,Credit Card,1
31,Female,Urban,7,316.2650268213924,346,8,6.045741102582421,3444.388728883484,Canceled,4,Other,0
19,Male,Suburban,1,94.87081457548791,87,6,5.277620653364475,3942.177479907156,Canceled,11,Credit Card,0
28,Male,Suburban,1,249.6781358028617,90,1,5.574409671635999,2498.703959084619,Active,2,Other,1
68,Male,Rural,9,394.66689290586265,237,8,9.783308076772478,9252.493399463123,Active,7,Credit Card,0
56,Male,Rural,5,165.73949030904333,70,3,7.7316769174695885,5265.257935330054,Active,21,Credit Card,0
55,Male,Urban,5,169.6111176872199,44,7,1.0626590479239584,232.7535933340188,Canceled,1,PayPal,0
51,Female,Rural,3,21.507634903098616,200,6,7.784284067813999,292.5179583535115,Active,17,Other,1
55,Female,Urban,5,103.63683278978218,152,6,1.7053804889822588,9732.320186025212,Active,8,Other,0
67,Female,Urban,3,440.19470005848046,86,7,4.473505490056256,2292.3638245951256,Canceled,12,Other,0
51,Male,Rural,9,232.0383159860994,19,0,2.1045967217653425,8075.522059261715,Canceled,6,PayPal,0
35,Female,Urban,9,492.4325596325283,101,4,6.895830655332298,676.9254854496874,Canceled,9,Other,0
47,Male,Suburban,6,209.93982251542042,95,1,8.773097361930356,9219.511093276036,Active,8,PayPal,1
32,Male,Rural,1,363.2894982945158,254,1,2.9036188536668095,8756.728336300117,Active,21,Credit Card,0
44,Male,Suburban,7,155.32114059427,357,0,0.8201074120818763,5753.822308101696,Canceled,14,Credit Card,0
68,Male,Rural,7,194.62862774764807,30,4,2.984930980749633,189.08670710423218,Active,4,Other,1
51,Female,Urban,4,111.54847404362943,249,1,6.723618579321943,2652.327652831042,Active,11,Credit Card,0
69,Female,Rural,8,186.5899368797096,33,3,3.2876012755444997,4127.544209244803,Active,0,Credit Card,0
55,Male,Suburban,6,282.6740098019087,229,2,2.781121675538034,4654.634755800861,Canceled,11,Other,1
50,Female,Urban,4,496.0509828700397,12,2,1.8443519058426494,3047.019709767483,Canceled,21,Credit Card,0
41,Male,Rural,4,338.81682227445714,118,1,4.975164268744336,426.18389563074675,Active,5,Other,0
32,Female,Rural,2,115.63805811599075,350,5,2.7594882815718758,5942.261318672767,Active,18,Other,1
47,Female,Rural,2,41.58149196394454,155,1,7.310103491394831,5289.131210178084,Active,18,Credit Card,1
59,Male,Suburban,4,80.6511110309651,246,7,0.7662240199220272,2901.7062907478694,Active,15,Credit Card,1
68,Female,Suburban,5,290.0264966110627,332,7,6.640330331113176,475.96207893910463,Canceled,18,Credit Card,1
34,Male,Rural,8,387.27695783204786,247,4,2.3756001456776987,9946.482453497207,Canceled,2,Credit Card,1
22,Female,Urban,6,471.4012195043585,29,9,4.8927926105160315,4871.663249581418,Active,22,Credit Card,1
46,Male,Urban,4,27.595122558473992,161,6,2.8608992203126062,7584.441993563363,Active,9,PayPal,1
21,Male,Suburban,7,270.9248679496975,235,3,7.227686760107956,4577.908947008222,Canceled,17,Credit Card,0
27,Female,Urban,8,246.01633098712486,190,0,9.453070402516367,527.3858795431203,Active,12,PayPal,0
34,Female,Suburban,2,334.90641054833793,117,1,9.170767794698133,3165.0473763464506,Canceled,17,Other,1
27,Male,Rural,7,288.59785014336416,271,9,5.834262151440911,3269.0903959584216,Active,2,Credit Card,0
34,Female,Suburban,2,349.7787922795907,258,9,4.626103032569784,8399.693750085258,Canceled,22,Credit Card,0
37,Female,Suburban,2,335.8796406796114,180,3,8.183005094393819,6576.876782198756,Active,2,Credit Card,0
41,Male,Rural,8,76.16562793181417,172,0,6.833263626277299,2826.756046030781,Active,22,Other,0
22,Male,Urban,2,403.8645985369854,274,7,1.8356411421693286,9680.625551124951,Canceled,11,PayPal,0
51,Female,Suburban,9,79.15163634383592,259,8,8.209192136130003,3283.2641407389265,Canceled,19,PayPal,1
23,Male,Suburban,1,355.2947001003858,135,3,4.288843893947102,9982.51685570433,Active,6,Credit Card,1
19,Male,Rural,9,219.74977646749122,171,9,1.8898565997117511,9962.020562385605,Active,23,Credit Card,1
30,Male,Urban,1,266.648352596767,210,2,2.8179735039649243,1992.9841256927439,Canceled,7,Credit Card,1
60,Female,Suburban,2,453.58304690034106,236,1,2.6752703024834235,3196.1370502651616,Canceled,8,Credit Card,0
60,Female,Rural,6,447.14418870727354,186,4,5.192069746034601,4911.837564998076,Active,13,Other,0
65,Male,Suburban,6,412.5710267144142,364,2,2.3437009067787553,6674.59664436412,Active,4,Credit Card,0
28,Female,Rural,1,264.87122261903517,95,9,1.2356648740157616,5327.669745137613,Canceled,20,Other,0
68,Male,Urban,7,373.3951088642399,11,6,1.2369085061376073,9697.470544409343,Canceled,18,Credit Card,0
64,Female,Urban,8,266.1905866490285,68,5,5.832761971390966,7267.492725933345,Canceled,20,PayPal,0
40,Male,Urban,2,437.41091958789315,210,0,7.347592888493786,2199.244008891447,Canceled,15,PayPal,0
33,Male,Urban,8,213.33239995179196,196,7,3.215330088383408,1140.4657471150192,Canceled,23,Credit Card,0
48,Female,Suburban,9,485.71296531914084,98,1,0.3465070981401708,6915.172778022632,Active,11,Credit Card,1
28,Male,Suburban,6,467.5149239498612,93,4,1.2722488693701073,1668.6791577895535,Active,20,Other,0
33,Female,Urban,5,375.969257336857,22,8,9.146945603370572,7898.000719323966,Canceled,3,Credit Card,0
25,Female,Urban,9,154.11962440451455,172,7,4.93543659589453,3179.263005877336,Active,7,Credit Card,0
21,Male,Urban,9,83.19372262076402,134,1,4.535728096151748,3336.2433042505045,Active,6,Credit Card,0
57,Male,Suburban,1,430.2576560447348,25,8,0.38049178310090914,206.9040846561685,Canceled,14,PayPal,0
21,Female,Urban,3,99.34509734622141,185,4,7.286370223168991,7040.011544240903,Active,5,Other,0
42,Male,Urban,9,430.04517871872116,85,9,5.280680809320789,1221.3705553403893,Active,4,PayPal,0
20,Male,Urban,2,255.56720322193303,55,5,2.020809360865208,7751.517716888829,Active,13,Other,1
49,Male,Rural,4,215.14725622789004,251,2,1.100737601810572,4969.491436980347,Canceled,20,PayPal,0
20,Male,Urban,4,453.531573840526,144,2,3.833878636319985,7864.3701680502345,Canceled,12,Credit Card,1
44,Male,Rural,2,309.8484716193334,351,9,8.371619641950257,5880.872738057638,Active,9,PayPal,1
46,Female,Rural,3,296.7747234222645,167,7,8.652945592010244,916.0893929880085,Active,17,PayPal,0
49,Female,Urban,3,288.2076534197109,224,9,6.028463803956364,7679.958133381312,Active,3,Other,1
67,Male,Rural,1,198.16136768937508,220,9,7.2753642723014265,791.0149004580225,Active,7,Other,0
68,Male,Urban,6,397.1086896939811,179,1,1.1515578740287036,4839.147033636389,Active,23,PayPal,0
36,Male,Suburban,8,141.34325312757105,119,1,5.881260654678549,1806.2572200351367,Active,10,Other,0
38,Female,Suburban,3,470.66958081981204,265,4,6.669657034871817,7548.118261981062,Canceled,16,Other,1
22,Male,Suburban,5,449.11289842254115,150,5,2.0071284291379223,9124.753155280652,Active,17,Other,0
35,Female,Suburban,1,181.99055632395113,215,1,8.80154732910259,5585.849017246915,Active,20,Other,1
45,Female,Rural,7,370.1426095191986,197,4,1.9499673752101976,5318.758213561887,Canceled,10,Other,1
59,Female,Urban,1,295.1471333358039,42,6,3.134773598464504,7663.235643623618,Active,15,PayPal,1
39,Male,Urban,9,182.0716649596326,53,9,6.205568470234586,150.28024845969938,Active,11,Other,0
38,Female,Urban,8,494.49039103781445,330,9,6.383500651307308,9185.81056208809,Active,12,Credit Card,1
23,Male,Suburban,7,32.11392600716682,251,7,6.9938474098736725,2054.743289202204,Active,15,PayPal,0
18,Female,Suburban,7,141.27009469821758,295,6,1.1201171306820568,9842.776949879748,Canceled,22,PayPal,0
22,Male,Urban,5,269.6355493333522,271,7,8.494644299285554,7388.914084808575,Active,20,PayPal,1
58,Female,Suburban,5,270.5374416697107,123,8,5.328471322832598,7765.086362236643,Canceled,0,Other,1
29,Male,Urban,5,302.6878759738708,339,4,4.713217941050684,6596.409505698705,Active,15,Credit Card,0
43,Female,Urban,1,380.80456257100127,266,4,9.810976245135096,4769.465509573087,Active,14,Other,0
63,Male,Urban,8,319.26935864926224,348,9,7.403782969410198,5759.114164275538,Canceled,5,PayPal,0
51,Male,Urban,1,308.13510105345773,29,3,1.1800602661937487,559.388571549744,Active,11,PayPal,0
66,Male,Urban,4,45.68694219826078,35,8,7.5653916722624075,6277.199143376942,Canceled,7,PayPal,0
31,Male,Urban,9,200.7345381388632,6,4,0.9524893397286949,6298.371209671763,Canceled,6,PayPal,0
43,Female,Urban,9,131.38675505655488,111,1,0.27470562512984853,8922.887894277914,Canceled,1,Other,0
62,Female,Suburban,5,147.3776535689482,294,9,4.036258952698971,5105.997938559172,Active,11,Credit Card,1
44,Male,Urban,4,286.0819876833655,77,7,9.935781728192186,863.7293034520039,Active,20,Credit Card,0
26,Female,Urban,3,115.76255116621205,349,6,1.7488393619486264,3131.339612772604,Active,13,PayPal,1
43,Male,Suburban,3,161.0955684881108,147,7,6.726443435267901,6590.731179931743,Active,15,Credit Card,1
64,Male,Suburban,5,133.80066008832324,67,2,1.7339606620611936,2468.662741239493,Canceled,10,PayPal,0
39,Female,Suburban,1,475.2814127447335,8,3,7.24786974958386,2877.225436368469,Active,19,PayPal,0
64,Male,Urban,5,473.43955144212566,122,4,5.053536682378262,8222.64326197245,Active,8,Credit Card,0
47,Male,Rural,6,312.7719481261048,340,5,6.799717100893763,5884.76534445082,Canceled,9,PayPal,1
60,Female,Rural,7,463.770784991312,175,0,2.028731759142346,5134.421574558368,Canceled,16,Credit Card,0
65,Male,Suburban,9,397.1900698248191,179,3,7.456283325205019,3252.674471377463,Active,11,PayPal,0
34,Male,Rural,3,303.1749837448682,85,9,9.956190596227067,7336.18755573703,Canceled,5,Credit Card,0
43,Male,Suburban,2,23.08890151846194,45,4,6.656505006259597,2948.41250145129,Canceled,18,PayPal,0
53,Male,Urban,3,390.80781731811396,136,6,4.934799980728776,7396.928824677335,Canceled,10,Credit Card,0
18,Female,Rural,9,357.19440396246506,343,4,9.231739886192647,794.0046546476759,Canceled,8,PayPal,1
25,Female,Urban,7,315.3217535755587,16,0,0.158518422318763,8658.959281662628,Canceled,20,PayPal,0
66,Female,Rural,9,385.0036696075864,333,6,7.299235192858211,5045.707987421734,Active,5,PayPal,1
52,Male,Urban,2,266.20263909188753,195,7,8.887465168138128,4441.229365319803,Active,23,Credit Card,1
69,Male,Rural,5,357.95997023424275,9,6,0.6167458362095746,6149.131774265053,Active,15,Other,0
32,Female,Urban,4,468.88260162871677,316,3,4.500641704157582,6279.501521673077,Active,19,PayPal,0
64,Male,Urban,2,200.38640760612142,334,7,2.047194539499989,1407.148251210956,Active,15,PayPal,1
39,Male,Rural,9,359.8984807523002,333,4,5.665181655878301,7586.712539180511,Active,5,Credit Card,1
31,Male,Urban,9,248.33015264526017,327,9,6.495429586036606,2831.690149705623,Active,4,PayPal,0
43,Male,Urban,6,343.71183287071113,15,8,3.02623182928755,9059.122613682148,Canceled,20,PayPal,1
45,Female,Urban,6,386.18880106609475,327,9,4.599816696781009,8196.721567806842,Active,3,PayPal,0
40,Female,Rural,8,41.81720020918206,102,4,2.793394852765595,3528.03381119401,Active,1,PayPal,0
31,Female,Rural,6,330.3682130953577,226,0,3.6939116445511377,8096.619002687074,Active,5,Other,0
41,Male,Urban,1,128.8357685153334,278,8,1.5953995668842358,3628.2659430690514,Canceled,8,Other,0
19,Female,Urban,4,341.61561814763206,113,4,8.855594435856315,1099.382048196802,Active,16,PayPal,0
62,Female,Rural,7,244.79848924823048,1,5,0.10010410559136429,9622.693563384508,Active,13,PayPal,0
43,Male,Rural,2,391.3053160951459,266,3,8.824091864437886,6560.759950632856,Canceled,6,PayPal,0
31,Male,Urban,9,79.23239129868628,208,5,5.716788783497385,4615.385313959658,Active,21,Other,0
68,Female,Urban,8,320.6347287949736,110,7,3.316578441770175,4037.9561801572927,Active,18,Other,1
24,Female,Urban,8,153.6659498852251,200,2,7.230571254603298,3314.5828091568133,Canceled,0,Credit Card,1
20,Female,Suburban,7,429.43135775868393,306,4,5.077521518626643,9816.33119474838,Active,19,Credit Card,0
64,Female,Rural,4,465.62408270542755,12,1,4.991086581076065,1433.9979247959832,Canceled,14,PayPal,0
40,Male,Suburban,2,498.2711809659466,345,1,1.1014228291896644,3216.570083313626,Active,17,PayPal,0
63,Female,Rural,3,402.08355316509596,188,6,3.895160259454087,4906.426638798369,Active,2,Other,0
60,Female,Rural,6,381.7923538054422,154,9,2.4106434585673666,4832.195496037683,Active,17,PayPal,0
64,Male,Rural,5,123.4403642564245,334,9,0.15695905596279647,4766.52819563765,Canceled,1,PayPal,0
62,Female,Rural,8,181.28338831525218,279,9,3.6009963078211324,1840.25977672078,Canceled,9,Other,1
35,Male,Rural,6,243.52762004589417,171,5,0.8982212942560475,1534.8320183840556,Canceled,10,Other,1
55,Male,Rural,6,391.22290293547985,134,3,2.568300377251852,2622.1991046533385,Active,23,Other,0
